timestamp,aggregate,dishwasher,fridge,microwave,washing_machine
2014-08-24 00:00:00+00:00,579.0,0.0,0.0,51.0,16.0
2014-08-24 00:00:06+00:00,563.0,0.0,0.0,50.0,16.0
2014-08-24 00:00:12+00:00,571.0,0.0,0.0,51.0,17.0
2014-08-24 00:00:18+00:00,573.0,0.0,0.0,50.0,16.0
2014-08-24 00:00:24+00:00,562.0,0.0,0.0,51.0,16.0
2014-08-24 00:00:30+00:00,560.0,0.0,0.0,51.0,16.0
2014-08-24 00:00:36+00:00,560.0,0.0,0.0,51.0,16.0
2014-08-24 00:00:42+00:00,565.0,0.0,0.0,51.0,16.0
2014-08-24 00:00:48+00:00,563.0,0.0,0.0,50.0,16.0
2014-08-24 00:00:54+00:00,570.0,0.0,0.0,51.0,16.0
2014-08-24 00:01:00+00:00,567.0,0.0,0.0,50.0,16.0
2014-08-24 00:01:06+00:00,566.0,0.0,0.0,51.0,16.0
2014-08-24 00:01:12+00:00,575.0,0.0,0.0,51.0,16.0
2014-08-24 00:01:18+00:00,564.0,0.0,0.0,51.0,16.0
2014-08-24 00:01:24+00:00,572.0,0.0,0.0,50.0,16.0
2014-08-24 00:01:30+00:00,568.0,0.0,0.0,50.0,16.0
2014-08-24 00:01:36+00:00,575.0,0.0,0.0,50.0,16.0
2014-08-24 00:01:42+00:00,569.0,0.0,0.0,50.0,16.0
2014-08-24 00:01:48+00:00,562.0,0.0,0.0,50.0,16.0
2014-08-24 00:01:54+00:00,571.0,0.0,0.0,50.0,16.0
2014-08-24 00:02:00+00:00,568.0,0.0,0.0,50.0,16.0
2014-08-24 00:02:06+00:00,568.0,0.0,0.0,50.0,16.0
2014-08-24 00:02:12+00:00,572.0,0.0,0.0,50.0,16.0
2014-08-24 00:02:18+00:00,560.0,0.0,0.0,50.0,16.0
2014-08-24 00:02:24+00:00,563.0,0.0,0.0,50.0,16.0
2014-08-24 00:02:30+00:00,573.0,0.0,0.0,50.0,16.0
2014-08-24 00:02:36+00:00,574.0,0.0,0.0,50.0,16.0
2014-08-24 00:02:42+00:00,568.0,0.0,0.0,50.0,16.0
2014-08-24 00:02:48+00:00,568.0,0.0,0.0,50.0,16.0
2014-08-24 00:02:54+00:00,570.0,0.0,0.0,50.0,16.0
2014-08-24 00:03:00+00:00,567.0,0.0,0.0,50.0,16.0
2014-08-24 00:03:06+00:00,560.0,0.0,0.0,50.0,16.0
2014-08-24 00:03:12+00:00,564.0,0.0,0.0,50.0,16.0
2014-08-24 00:03:18+00:00,565.0,0.0,0.0,50.0,16.0
2014-08-24 00:03:24+00:00,566.0,0.0,0.0,50.0,16.0
2014-08-24 00:03:30+00:00,574.0,0.0,0.0,50.0,16.0
2014-08-24 00:03:36+00:00,566.0,0.0,0.0,51.0,16.0
2014-08-24 00:03:42+00:00,560.0,0.0,0.0,50.0,16.0
2014-08-24 00:03:48+00:00,579.0,0.0,0.0,50.0,16.0
2014-08-24 00:03:54+00:00,564.0,0.0,0.0,50.0,16.0
2014-08-24 00:04:00+00:00,563.0,0.0,0.0,50.0,16.0
2014-08-24 00:04:06+00:00,565.0,0.0,0.0,50.0,16.0
2014-08-24 00:04:12+00:00,563.0,0.0,0.0,50.0,16.0
2014-08-24 00:04:18+00:00,571.0,0.0,0.0,50.0,16.0
2014-08-24 00:04:24+00:00,568.0,0.0,0.0,50.0,16.0
2014-08-24 00:04:30+00:00,568.0,0.0,0.0,50.0,16.0
2014-08-24 00:04:36+00:00,574.0,0.0,0.0,50.0,16.0
2014-08-24 00:04:42+00:00,560.0,0.0,0.0,50.0,16.0
2014-08-24 00:04:48+00:00,580.0,0.0,0.0,50.0,16.0
2014-08-24 00:04:54+00:00,569.0,0.0,0.0,50.0,16.0
2014-08-24 00:05:00+00:00,567.0,0.0,0.0,50.0,16.0
2014-08-24 00:05:06+00:00,567.0,0.0,0.0,50.0,16.0
2014-08-24 00:05:12+00:00,568.0,0.0,0.0,50.0,16.0
2014-08-24 00:05:18+00:00,565.0,0.0,0.0,51.0,16.0
2014-08-24 00:05:24+00:00,567.0,0.0,0.0,50.0,16.0
2014-08-24 00:05:30+00:00,584.0,0.0,0.0,50.0,16.0
2014-08-24 00:05:36+00:00,580.0,0.0,0.0,50.0,16.0
2014-08-24 00:05:42+00:00,607.0,0.0,0.0,50.0,16.0
2014-08-24 00:05:48+00:00,590.0,0.0,0.0,50.0,16.0
2014-08-24 00:05:54+00:00,574.0,0.0,0.0,50.0,16.0
2014-08-24 00:06:00+00:00,565.0,0.0,0.0,50.0,16.0
2014-08-24 00:06:06+00:00,575.0,0.0,0.0,50.0,16.0
2014-08-24 00:06:12+00:00,567.0,0.0,0.0,50.0,16.0
2014-08-24 00:06:18+00:00,567.0,0.0,0.0,50.0,16.0
2014-08-24 00:06:24+00:00,562.0,0.0,0.0,50.0,16.0
2014-08-24 00:06:30+00:00,576.0,0.0,0.0,50.0,16.0
2014-08-24 00:06:36+00:00,478.0,0.0,0.0,50.0,16.0
2014-08-24 00:06:42+00:00,471.0,0.0,0.0,50.0,16.0
2014-08-24 00:06:48+00:00,469.0,0.0,0.0,50.0,16.0
2014-08-24 00:06:54+00:00,463.0,0.0,0.0,50.0,16.0
2014-08-24 00:07:00+00:00,469.0,0.0,0.0,50.0,16.0
2014-08-24 00:07:06+00:00,463.0,0.0,0.0,50.0,16.0
2014-08-24 00:07:12+00:00,461.0,0.0,0.0,50.0,16.0
2014-08-24 00:07:18+00:00,472.0,0.0,0.0,50.0,16.0
2014-08-24 00:07:24+00:00,469.0,0.0,0.0,50.0,16.0
2014-08-24 00:07:30+00:00,469.0,0.0,0.0,50.0,16.0
2014-08-24 00:07:36+00:00,469.0,0.0,0.0,50.0,16.0
2014-08-24 00:07:42+00:00,465.0,0.0,0.0,50.0,16.0
2014-08-24 00:07:48+00:00,469.0,0.0,0.0,50.0,16.0
2014-08-24 00:07:54+00:00,464.0,0.0,0.0,50.0,16.0
2014-08-24 00:08:00+00:00,471.0,0.0,0.0,50.0,16.0
2014-08-24 00:08:06+00:00,471.0,0.0,0.0,50.0,16.0
2014-08-24 00:08:12+00:00,472.0,0.0,0.0,50.0,16.0
2014-08-24 00:08:18+00:00,472.0,0.0,0.0,50.0,16.0
2014-08-24 00:08:24+00:00,468.0,0.0,0.0,50.0,16.0
2014-08-24 00:08:30+00:00,463.0,0.0,0.0,50.0,16.0
2014-08-24 00:08:36+00:00,469.0,0.0,0.0,50.0,16.0
2014-08-24 00:08:42+00:00,471.0,0.0,0.0,50.0,16.0
2014-08-24 00:08:48+00:00,467.0,0.0,0.0,50.0,16.0
2014-08-24 00:08:54+00:00,465.0,0.0,0.0,50.0,16.0
2014-08-24 00:09:00+00:00,470.0,0.0,0.0,50.0,16.0
2014-08-24 00:09:06+00:00,472.0,0.0,0.0,50.0,16.0
2014-08-24 00:09:12+00:00,468.0,0.0,0.0,50.0,16.0
2014-08-24 00:09:18+00:00,464.0,0.0,0.0,50.0,16.0
2014-08-24 00:09:24+00:00,472.0,0.0,0.0,50.0,16.0
2014-08-24 00:09:30+00:00,471.0,0.0,0.0,51.0,16.0
2014-08-24 00:09:36+00:00,472.0,0.0,0.0,50.0,16.0
2014-08-24 00:09:42+00:00,468.0,0.0,0.0,50.0,16.0
2014-08-24 00:09:48+00:00,468.0,0.0,0.0,50.0,16.0
2014-08-24 00:09:54+00:00,470.0,0.0,0.0,50.0,16.0
2014-08-24 00:10:00+00:00,469.0,0.0,0.0,51.0,16.0
2014-08-24 00:10:06+00:00,472.0,0.0,0.0,50.0,16.0
2014-08-24 00:10:12+00:00,467.0,0.0,0.0,50.0,16.0
2014-08-24 00:10:18+00:00,460.0,0.0,0.0,51.0,16.0
2014-08-24 00:10:24+00:00,470.0,0.0,0.0,50.0,16.0
2014-08-24 00:10:30+00:00,465.0,0.0,0.0,50.0,16.0
2014-08-24 00:10:36+00:00,475.0,0.0,0.0,51.0,16.0
2014-08-24 00:10:42+00:00,466.0,0.0,0.0,50.0,16.0
2014-08-24 00:10:48+00:00,466.0,0.0,0.0,50.0,16.0
2014-08-24 00:10:54+00:00,470.0,0.0,0.0,50.0,16.0
2014-08-24 00:11:00+00:00,470.0,0.0,0.0,50.0,16.0
2014-08-24 00:11:06+00:00,468.0,0.0,0.0,50.0,16.0
2014-08-24 00:11:12+00:00,466.0,0.0,0.0,50.0,16.0
2014-08-24 00:11:18+00:00,470.0,0.0,0.0,50.0,16.0
2014-08-24 00:11:24+00:00,472.0,0.0,0.0,50.0,16.0
2014-08-24 00:11:30+00:00,477.0,0.0,0.0,50.0,16.0
2014-08-24 00:11:36+00:00,477.0,0.0,0.0,50.0,16.0
2014-08-24 00:11:42+00:00,478.0,0.0,0.0,50.0,16.0
2014-08-24 00:11:48+00:00,478.0,0.0,0.0,50.0,16.0
2014-08-24 00:11:54+00:00,475.0,0.0,0.0,50.0,16.0
2014-08-24 00:12:00+00:00,476.0,0.0,0.0,50.0,16.0
2014-08-24 00:12:06+00:00,466.0,0.0,0.0,50.0,16.0
2014-08-24 00:12:12+00:00,475.0,0.0,0.0,50.0,16.0
2014-08-24 00:12:18+00:00,471.0,0.0,0.0,50.0,16.0
2014-08-24 00:12:24+00:00,464.0,0.0,0.0,50.0,16.0
2014-08-24 00:12:30+00:00,479.0,0.0,0.0,50.0,16.0
2014-08-24 00:12:36+00:00,480.0,0.0,0.0,50.0,16.0
2014-08-24 00:12:42+00:00,468.0,0.0,0.0,50.0,16.0
2014-08-24 00:12:48+00:00,468.0,0.0,0.0,50.0,16.0
2014-08-24 00:12:54+00:00,476.0,0.0,0.0,50.0,16.0
2014-08-24 00:13:00+00:00,471.0,0.0,0.0,48.0,16.0
2014-08-24 00:13:06+00:00,473.0,0.0,0.0,50.0,16.0
2014-08-24 00:13:12+00:00,469.0,0.0,0.0,50.0,16.0
2014-08-24 00:13:18+00:00,464.0,0.0,0.0,50.0,16.0
2014-08-24 00:13:24+00:00,465.0,0.0,0.0,48.0,16.0
2014-08-24 00:13:30+00:00,471.0,0.0,0.0,50.0,16.0
2014-08-24 00:13:36+00:00,466.0,0.0,0.0,50.0,16.0
2014-08-24 00:13:42+00:00,466.0,0.0,0.0,50.0,16.0
2014-08-24 00:13:48+00:00,470.0,0.0,0.0,50.0,16.0
2014-08-24 00:13:54+00:00,470.0,0.0,0.0,50.0,16.0
2014-08-24 00:14:00+00:00,470.0,0.0,0.0,50.0,16.0
2014-08-24 00:14:06+00:00,467.0,0.0,0.0,50.0,16.0
2014-08-24 00:14:12+00:00,464.0,0.0,0.0,48.0,16.0
2014-08-24 00:14:18+00:00,464.0,0.0,0.0,50.0,16.0
2014-08-24 00:14:24+00:00,460.0,0.0,0.0,50.0,16.0
2014-08-24 00:14:30+00:00,522.0,0.0,125.0,50.0,16.0
2014-08-24 00:14:36+00:00,537.0,0.0,126.0,50.0,16.0
2014-08-24 00:14:42+00:00,530.0,0.0,128.0,50.0,16.0
2014-08-24 00:14:48+00:00,529.0,0.0,124.0,50.0,16.0
2014-08-24 00:14:54+00:00,526.0,0.0,124.0,50.0,16.0
2014-08-24 00:15:00+00:00,539.0,0.0,123.0,50.0,16.0
2014-08-24 00:15:06+00:00,519.0,0.0,124.0,50.0,16.0
2014-08-24 00:15:12+00:00,528.0,0.0,126.0,50.0,16.0
2014-08-24 00:15:18+00:00,527.0,0.0,125.0,50.0,16.0
2014-08-24 00:15:24+00:00,528.0,0.0,124.0,50.0,16.0
2014-08-24 00:15:30+00:00,528.0,0.0,121.0,50.0,16.0
2014-08-24 00:15:36+00:00,536.0,0.0,124.0,50.0,16.0
2014-08-24 00:15:42+00:00,527.0,0.0,123.0,50.0,16.0
2014-08-24 00:15:48+00:00,531.0,0.0,117.0,50.0,16.0
2014-08-24 00:15:54+00:00,510.0,0.0,118.0,50.0,16.0
2014-08-24 00:16:00+00:00,513.0,0.0,117.0,50.0,16.0
2014-08-24 00:16:06+00:00,501.0,0.0,113.0,50.0,16.0
2014-08-24 00:16:12+00:00,514.0,0.0,111.0,50.0,16.0
2014-08-24 00:16:18+00:00,523.0,0.0,110.0,50.0,16.0
2014-08-24 00:16:24+00:00,516.0,0.0,111.0,50.0,16.0
2014-08-24 00:16:30+00:00,509.0,0.0,111.0,50.0,16.0
2014-08-24 00:16:36+00:00,516.0,0.0,110.0,50.0,16.0
2014-08-24 00:16:42+00:00,509.0,0.0,108.0,50.0,16.0
2014-08-24 00:16:48+00:00,511.0,0.0,109.0,50.0,16.0
2014-08-24 00:16:54+00:00,511.0,0.0,109.0,50.0,16.0
2014-08-24 00:17:00+00:00,514.0,0.0,107.0,50.0,16.0
2014-08-24 00:17:06+00:00,514.0,0.0,108.0,50.0,16.0
2014-08-24 00:17:12+00:00,514.0,0.0,107.0,50.0,16.0
2014-08-24 00:17:18+00:00,511.0,0.0,107.0,51.0,16.0
2014-08-24 00:17:24+00:00,506.0,0.0,109.0,50.0,16.0
2014-08-24 00:17:30+00:00,516.0,0.0,106.0,50.0,16.0
2014-08-24 00:17:36+00:00,521.0,0.0,108.0,50.0,16.0
2014-08-24 00:17:42+00:00,508.0,0.0,106.0,50.0,16.0
2014-08-24 00:17:48+00:00,506.0,0.0,107.0,50.0,16.0
2014-08-24 00:17:54+00:00,497.0,0.0,108.0,50.0,16.0
2014-08-24 00:18:00+00:00,514.0,0.0,107.0,50.0,16.0
2014-08-24 00:18:06+00:00,517.0,0.0,108.0,50.0,16.0
2014-08-24 00:18:12+00:00,514.0,0.0,106.0,50.0,16.0
2014-08-24 00:18:18+00:00,525.0,0.0,109.0,51.0,16.0
2014-08-24 00:18:24+00:00,523.0,0.0,106.0,50.0,16.0
2014-08-24 00:18:30+00:00,515.0,0.0,109.0,50.0,16.0
2014-08-24 00:18:36+00:00,515.0,0.0,108.0,50.0,16.0
2014-08-24 00:18:42+00:00,511.0,0.0,108.0,50.0,16.0
2014-08-24 00:18:48+00:00,510.0,0.0,109.0,50.0,16.0
2014-08-24 00:18:54+00:00,510.0,0.0,106.0,50.0,16.0
2014-08-24 00:19:00+00:00,511.0,0.0,109.0,50.0,16.0
2014-08-24 00:19:06+00:00,503.0,0.0,109.0,50.0,16.0
2014-08-24 00:19:12+00:00,507.0,0.0,107.0,50.0,16.0
2014-08-24 00:19:18+00:00,506.0,0.0,109.0,50.0,16.0
2014-08-24 00:19:24+00:00,503.0,0.0,107.0,50.0,16.0
2014-08-24 00:19:30+00:00,507.0,0.0,108.0,50.0,16.0
2014-08-24 00:19:36+00:00,505.0,0.0,109.0,50.0,16.0
2014-08-24 00:19:42+00:00,507.0,0.0,107.0,50.0,16.0
2014-08-24 00:19:48+00:00,507.0,0.0,109.0,50.0,16.0
2014-08-24 00:19:54+00:00,507.0,0.0,108.0,50.0,16.0
2014-08-24 00:20:00+00:00,507.0,0.0,107.0,50.0,16.0
2014-08-24 00:20:06+00:00,514.0,0.0,110.0,50.0,16.0
2014-08-24 00:20:12+00:00,514.0,0.0,107.0,50.0,16.0
2014-08-24 00:20:18+00:00,523.0,0.0,108.0,50.0,16.0
2014-08-24 00:20:24+00:00,504.0,0.0,109.0,50.0,16.0
2014-08-24 00:20:30+00:00,513.0,0.0,107.0,50.0,16.0
2014-08-24 00:20:36+00:00,507.0,0.0,110.0,50.0,16.0
2014-08-24 00:20:42+00:00,513.0,0.0,109.0,50.0,16.0
2014-08-24 00:20:48+00:00,498.0,0.0,107.0,50.0,16.0
2014-08-24 00:20:54+00:00,509.0,0.0,110.0,50.0,16.0
2014-08-24 00:21:00+00:00,503.0,0.0,108.0,50.0,16.0
2014-08-24 00:21:06+00:00,503.0,0.0,108.0,50.0,16.0
2014-08-24 00:21:12+00:00,502.0,0.0,108.0,50.0,16.0
2014-08-24 00:21:18+00:00,501.0,0.0,110.0,50.0,16.0
2014-08-24 00:21:24+00:00,502.0,0.0,108.0,50.0,16.0
2014-08-24 00:21:30+00:00,501.0,0.0,109.0,50.0,16.0
2014-08-24 00:21:36+00:00,533.0,0.0,110.0,50.0,16.0
2014-08-24 00:21:42+00:00,533.0,0.0,118.0,50.0,16.0
2014-08-24 00:21:48+00:00,495.0,0.0,109.0,50.0,16.0
2014-08-24 00:21:54+00:00,495.0,0.0,110.0,50.0,16.0
2014-08-24 00:22:00+00:00,499.0,0.0,108.0,50.0,16.0
2014-08-24 00:22:06+00:00,512.0,0.0,108.0,50.0,16.0
2014-08-24 00:22:12+00:00,493.0,0.0,110.0,50.0,16.0
2014-08-24 00:22:18+00:00,480.0,0.0,109.0,50.0,16.0
2014-08-24 00:22:24+00:00,488.0,0.0,108.0,50.0,16.0
2014-08-24 00:22:30+00:00,484.0,0.0,110.0,50.0,16.0
2014-08-24 00:22:36+00:00,491.0,0.0,110.0,50.0,16.0
2014-08-24 00:22:42+00:00,491.0,0.0,108.0,50.0,16.0
2014-08-24 00:22:48+00:00,487.0,0.0,110.0,50.0,16.0
2014-08-24 00:22:54+00:00,478.0,0.0,110.0,50.0,16.0
2014-08-24 00:23:00+00:00,488.0,0.0,109.0,50.0,16.0
2014-08-24 00:23:06+00:00,486.0,0.0,109.0,50.0,16.0
2014-08-24 00:23:12+00:00,496.0,0.0,110.0,50.0,16.0
2014-08-24 00:23:18+00:00,496.0,0.0,110.0,50.0,16.0
2014-08-24 00:23:24+00:00,491.0,0.0,108.0,50.0,16.0
2014-08-24 00:23:30+00:00,488.0,0.0,110.0,50.0,16.0
2014-08-24 00:23:36+00:00,486.0,0.0,111.0,50.0,16.0
2014-08-24 00:23:42+00:00,490.0,0.0,109.0,50.0,16.0
2014-08-24 00:23:48+00:00,482.0,0.0,108.0,50.0,16.0
2014-08-24 00:23:54+00:00,482.0,0.0,109.0,50.0,16.0
2014-08-24 00:24:00+00:00,478.0,0.0,111.0,50.0,16.0
2014-08-24 00:24:06+00:00,493.0,0.0,110.0,50.0,16.0
2014-08-24 00:24:12+00:00,485.0,0.0,109.0,50.0,16.0
2014-08-24 00:24:18+00:00,488.0,0.0,109.0,50.0,16.0
2014-08-24 00:24:24+00:00,488.0,0.0,111.0,48.0,16.0
2014-08-24 00:24:30+00:00,484.0,0.0,110.0,50.0,16.0
2014-08-24 00:24:36+00:00,486.0,0.0,109.0,50.0,16.0
2014-08-24 00:24:42+00:00,482.0,0.0,109.0,50.0,16.0
2014-08-24 00:24:48+00:00,484.0,0.0,110.0,50.0,16.0
2014-08-24 00:24:54+00:00,483.0,0.0,110.0,50.0,16.0
2014-08-24 00:25:00+00:00,494.0,0.0,109.0,50.0,16.0
2014-08-24 00:25:06+00:00,481.0,0.0,108.0,50.0,16.0
2014-08-24 00:25:12+00:00,486.0,0.0,110.0,50.0,16.0
2014-08-24 00:25:18+00:00,487.0,0.0,110.0,50.0,16.0
2014-08-24 00:25:24+00:00,485.0,0.0,110.0,50.0,16.0
2014-08-24 00:25:30+00:00,488.0,0.0,108.0,50.0,16.0
2014-08-24 00:25:36+00:00,491.0,0.0,109.0,50.0,16.0
2014-08-24 00:25:42+00:00,480.0,0.0,110.0,50.0,16.0
2014-08-24 00:25:48+00:00,483.0,0.0,110.0,50.0,16.0
2014-08-24 00:25:54+00:00,477.0,0.0,108.0,50.0,16.0
2014-08-24 00:26:00+00:00,477.0,0.0,108.0,50.0,16.0
2014-08-24 00:26:06+00:00,498.0,0.0,110.0,50.0,16.0
2014-08-24 00:26:12+00:00,498.0,0.0,110.0,50.0,16.0
2014-08-24 00:26:18+00:00,489.0,0.0,108.0,50.0,16.0
2014-08-24 00:26:24+00:00,493.0,0.0,109.0,50.0,16.0
2014-08-24 00:26:30+00:00,484.0,0.0,110.0,50.0,16.0
2014-08-24 00:26:36+00:00,476.0,0.0,110.0,50.0,16.0
2014-08-24 00:26:42+00:00,487.0,0.0,108.0,50.0,16.0
2014-08-24 00:26:48+00:00,487.0,0.0,109.0,50.0,16.0
2014-08-24 00:26:54+00:00,490.0,0.0,110.0,50.0,16.0
2014-08-24 00:27:00+00:00,480.0,0.0,109.0,50.0,16.0
2014-08-24 00:27:06+00:00,487.0,0.0,108.0,50.0,16.0
2014-08-24 00:27:12+00:00,496.0,0.0,110.0,50.0,16.0
2014-08-24 00:27:18+00:00,493.0,0.0,110.0,50.0,16.0
2014-08-24 00:27:24+00:00,484.0,0.0,110.0,50.0,16.0
2014-08-24 00:27:30+00:00,487.0,0.0,108.0,50.0,16.0
2014-08-24 00:27:36+00:00,493.0,0.0,110.0,50.0,16.0
2014-08-24 00:27:42+00:00,483.0,0.0,110.0,50.0,16.0
2014-08-24 00:27:48+00:00,483.0,0.0,109.0,50.0,16.0
2014-08-24 00:27:54+00:00,479.0,0.0,109.0,50.0,16.0
2014-08-24 00:28:00+00:00,479.0,0.0,110.0,50.0,16.0
2014-08-24 00:28:06+00:00,493.0,0.0,109.0,50.0,16.0
2014-08-24 00:28:12+00:00,491.0,0.0,107.0,50.0,16.0
2014-08-24 00:28:18+00:00,483.0,0.0,110.0,50.0,16.0
2014-08-24 00:28:24+00:00,487.0,0.0,110.0,51.0,16.0
2014-08-24 00:28:30+00:00,482.0,0.0,108.0,50.0,16.0
2014-08-24 00:28:36+00:00,494.0,0.0,108.0,50.0,16.0
2014-08-24 00:28:42+00:00,489.0,0.0,110.0,50.0,16.0
2014-08-24 00:28:48+00:00,480.0,0.0,109.0,50.0,16.0
2014-08-24 00:28:54+00:00,489.0,0.0,107.0,50.0,16.0
2014-08-24 00:29:00+00:00,486.0,0.0,109.0,50.0,16.0
2014-08-24 00:29:06+00:00,480.0,0.0,110.0,50.0,16.0
2014-08-24 00:29:12+00:00,480.0,0.0,108.0,50.0,16.0
2014-08-24 00:29:18+00:00,484.0,0.0,108.0,50.0,16.0
2014-08-24 00:29:24+00:00,482.0,0.0,110.0,50.0,16.0
2014-08-24 00:29:30+00:00,486.0,0.0,109.0,50.0,16.0
2014-08-24 00:29:36+00:00,481.0,0.0,108.0,50.0,16.0
2014-08-24 00:29:42+00:00,494.0,0.0,108.0,50.0,16.0
2014-08-24 00:29:48+00:00,482.0,0.0,110.0,50.0,16.0
2014-08-24 00:29:54+00:00,483.0,0.0,108.0,50.0,16.0
2014-08-24 00:30:00+00:00,478.0,0.0,107.0,48.0,16.0
2014-08-24 00:30:06+00:00,488.0,0.0,109.0,50.0,16.0
2014-08-24 00:30:12+00:00,479.0,0.0,110.0,50.0,16.0
2014-08-24 00:30:18+00:00,481.0,0.0,107.0,50.0,16.0
2014-08-24 00:30:24+00:00,480.0,0.0,108.0,50.0,16.0
2014-08-24 00:30:30+00:00,479.0,0.0,110.0,50.0,16.0
2014-08-24 00:30:36+00:00,486.0,0.0,107.0,50.0,16.0
2014-08-24 00:30:42+00:00,484.0,0.0,108.0,50.0,16.0
2014-08-24 00:30:48+00:00,480.0,0.0,110.0,50.0,16.0
2014-08-24 00:30:54+00:00,480.0,0.0,107.0,50.0,16.0
2014-08-24 00:31:00+00:00,482.0,0.0,107.0,50.0,16.0
2014-08-24 00:31:06+00:00,474.0,0.0,110.0,50.0,16.0
2014-08-24 00:31:12+00:00,478.0,0.0,109.0,48.0,16.0
2014-08-24 00:31:18+00:00,478.0,0.0,107.0,50.0,16.0
2014-08-24 00:31:24+00:00,474.0,0.0,109.0,50.0,16.0
2014-08-24 00:31:30+00:00,471.0,0.0,110.0,50.0,16.0
2014-08-24 00:31:36+00:00,485.0,0.0,106.0,50.0,16.0
2014-08-24 00:31:42+00:00,478.0,0.0,107.0,50.0,16.0
2014-08-24 00:31:48+00:00,475.0,0.0,110.0,50.0,16.0
2014-08-24 00:31:54+00:00,473.0,0.0,107.0,50.0,16.0
2014-08-24 00:32:00+00:00,483.0,0.0,108.0,50.0,16.0
2014-08-24 00:32:06+00:00,481.0,0.0,110.0,50.0,16.0
2014-08-24 00:32:12+00:00,478.0,0.0,107.0,50.0,16.0
2014-08-24 00:32:18+00:00,478.0,0.0,108.0,50.0,16.0
2014-08-24 00:32:24+00:00,481.0,0.0,109.0,50.0,16.0
2014-08-24 00:32:30+00:00,474.0,0.0,107.0,50.0,16.0
2014-08-24 00:32:36+00:00,474.0,0.0,108.0,50.0,16.0
2014-08-24 00:32:42+00:00,481.0,0.0,109.0,50.0,16.0
2014-08-24 00:32:48+00:00,474.0,0.0,107.0,50.0,16.0
2014-08-24 00:32:54+00:00,474.0,0.0,107.0,50.0,16.0
2014-08-24 00:33:00+00:00,479.0,0.0,109.0,50.0,16.0
2014-08-24 00:33:06+00:00,474.0,0.0,107.0,50.0,16.0
2014-08-24 00:33:12+00:00,472.0,0.0,107.0,50.0,16.0
2014-08-24 00:33:18+00:00,473.0,0.0,109.0,50.0,16.0
2014-08-24 00:33:24+00:00,475.0,0.0,106.0,50.0,16.0
2014-08-24 00:33:30+00:00,481.0,0.0,108.0,50.0,16.0
2014-08-24 00:33:36+00:00,477.0,0.0,109.0,50.0,16.0
2014-08-24 00:33:42+00:00,479.0,0.0,107.0,50.0,16.0
2014-08-24 00:33:48+00:00,484.0,0.0,109.0,50.0,16.0
2014-08-24 00:33:54+00:00,474.0,0.0,107.0,50.0,16.0
2014-08-24 00:34:00+00:00,480.0,0.0,107.0,50.0,16.0
2014-08-24 00:34:06+00:00,476.0,0.0,108.0,50.0,16.0
2014-08-24 00:34:12+00:00,475.0,0.0,106.0,50.0,16.0
2014-08-24 00:34:18+00:00,482.0,0.0,107.0,50.0,16.0
2014-08-24 00:34:24+00:00,479.0,0.0,108.0,50.0,16.0
2014-08-24 00:34:30+00:00,478.0,0.0,106.0,50.0,16.0
2014-08-24 00:34:36+00:00,479.0,0.0,109.0,50.0,16.0
2014-08-24 00:34:42+00:00,478.0,0.0,109.0,50.0,16.0
2014-08-24 00:34:48+00:00,479.0,0.0,107.0,50.0,16.0
2014-08-24 00:34:54+00:00,481.0,0.0,106.0,50.0,16.0
2014-08-24 00:35:00+00:00,482.0,0.0,108.0,50.0,16.0
2014-08-24 00:35:06+00:00,481.0,0.0,107.0,50.0,16.0
2014-08-24 00:35:12+00:00,481.0,0.0,107.0,50.0,16.0
2014-08-24 00:35:18+00:00,480.0,0.0,108.0,50.0,16.0
2014-08-24 00:35:24+00:00,480.0,0.0,106.0,50.0,16.0
2014-08-24 00:35:30+00:00,508.0,0.0,107.0,50.0,16.0
2014-08-24 00:35:36+00:00,477.0,0.0,108.0,50.0,16.0
2014-08-24 00:35:42+00:00,503.0,0.0,106.0,50.0,16.0
2014-08-24 00:35:48+00:00,502.0,0.0,108.0,50.0,16.0
2014-08-24 00:35:54+00:00,481.0,0.0,107.0,50.0,16.0
2014-08-24 00:36:00+00:00,480.0,0.0,106.0,50.0,16.0
2014-08-24 00:36:06+00:00,481.0,0.0,108.0,50.0,16.0
2014-08-24 00:36:12+00:00,474.0,0.0,106.0,50.0,16.0
2014-08-24 00:36:18+00:00,482.0,0.0,108.0,50.0,16.0
2014-08-24 00:36:24+00:00,480.0,0.0,107.0,50.0,16.0
2014-08-24 00:36:30+00:00,481.0,0.0,107.0,51.0,16.0
2014-08-24 00:36:36+00:00,477.0,0.0,107.0,50.0,16.0
2014-08-24 00:36:42+00:00,481.0,0.0,105.0,51.0,16.0
2014-08-24 00:36:48+00:00,474.0,0.0,108.0,50.0,16.0
2014-08-24 00:36:54+00:00,476.0,0.0,107.0,50.0,16.0
2014-08-24 00:37:00+00:00,477.0,0.0,107.0,50.0,16.0
2014-08-24 00:37:06+00:00,473.0,0.0,108.0,50.0,16.0
2014-08-24 00:37:12+00:00,476.0,0.0,106.0,50.0,16.0
2014-08-24 00:37:18+00:00,478.0,0.0,106.0,51.0,16.0
2014-08-24 00:37:24+00:00,478.0,0.0,105.0,50.0,16.0
2014-08-24 00:37:30+00:00,473.0,0.0,107.0,50.0,16.0
2014-08-24 00:37:36+00:00,474.0,0.0,107.0,50.0,16.0
2014-08-24 00:37:42+00:00,483.0,0.0,106.0,50.0,16.0
2014-08-24 00:37:48+00:00,464.0,0.0,106.0,50.0,16.0
2014-08-24 00:37:54+00:00,475.0,0.0,106.0,50.0,16.0
2014-08-24 00:38:00+00:00,471.0,0.0,106.0,50.0,16.0
2014-08-24 00:38:06+00:00,475.0,0.0,106.0,50.0,16.0
2014-08-24 00:38:12+00:00,475.0,0.0,107.0,50.0,16.0
2014-08-24 00:38:18+00:00,478.0,0.0,106.0,50.0,16.0
2014-08-24 00:38:24+00:00,487.0,0.0,107.0,50.0,16.0
2014-08-24 00:38:30+00:00,487.0,0.0,106.0,50.0,16.0
2014-08-24 00:38:36+00:00,477.0,0.0,106.0,50.0,16.0
2014-08-24 00:38:42+00:00,473.0,0.0,107.0,50.0,16.0
2014-08-24 00:38:48+00:00,473.0,0.0,105.0,50.0,16.0
2014-08-24 00:38:54+00:00,478.0,0.0,107.0,50.0,16.0
2014-08-24 00:39:00+00:00,471.0,0.0,104.0,50.0,16.0
2014-08-24 00:39:06+00:00,476.0,0.0,107.0,50.0,16.0
2014-08-24 00:39:12+00:00,480.0,0.0,105.0,50.0,16.0
2014-08-24 00:39:18+00:00,469.0,0.0,106.0,51.0,16.0
2014-08-24 00:39:24+00:00,479.0,0.0,107.0,50.0,16.0
2014-08-24 00:39:30+00:00,477.0,0.0,105.0,50.0,16.0
2014-08-24 00:39:36+00:00,473.0,0.0,107.0,50.0,16.0
2014-08-24 00:39:42+00:00,488.0,0.0,105.0,50.0,16.0
2014-08-24 00:39:48+00:00,467.0,0.0,107.0,50.0,16.0
2014-08-24 00:39:54+00:00,472.0,0.0,106.0,50.0,16.0
2014-08-24 00:40:00+00:00,473.0,0.0,106.0,50.0,16.0
2014-08-24 00:40:06+00:00,472.0,0.0,106.0,50.0,16.0
2014-08-24 00:40:12+00:00,476.0,0.0,105.0,50.0,16.0
2014-08-24 00:40:18+00:00,480.0,0.0,107.0,50.0,16.0
2014-08-24 00:40:24+00:00,453.0,0.0,73.0,50.0,16.0
2014-08-24 00:40:30+00:00,444.0,0.0,0.0,50.0,16.0
2014-08-24 00:40:36+00:00,450.0,0.0,0.0,50.0,16.0
2014-08-24 00:40:42+00:00,450.0,0.0,0.0,50.0,16.0
2014-08-24 00:40:48+00:00,526.0,0.0,0.0,50.0,16.0
2014-08-24 00:40:54+00:00,542.0,0.0,0.0,50.0,17.0
2014-08-24 00:41:00+00:00,546.0,0.0,0.0,51.0,16.0
2014-08-24 00:41:06+00:00,546.0,0.0,0.0,51.0,16.0
2014-08-24 00:41:12+00:00,542.0,0.0,0.0,50.0,16.0
2014-08-24 00:41:18+00:00,543.0,0.0,0.0,50.0,16.0
2014-08-24 00:41:24+00:00,537.0,0.0,0.0,50.0,16.0
2014-08-24 00:41:30+00:00,545.0,0.0,0.0,50.0,16.0
2014-08-24 00:41:36+00:00,537.0,0.0,0.0,50.0,16.0
2014-08-24 00:41:42+00:00,530.0,0.0,0.0,50.0,16.0
2014-08-24 00:41:48+00:00,541.0,0.0,0.0,50.0,16.0
2014-08-24 00:41:54+00:00,533.0,0.0,0.0,50.0,16.0
2014-08-24 00:42:00+00:00,540.0,0.0,0.0,50.0,16.0
2014-08-24 00:42:06+00:00,540.0,0.0,0.0,50.0,16.0
2014-08-24 00:42:12+00:00,537.0,0.0,0.0,50.0,16.0
2014-08-24 00:42:18+00:00,533.0,0.0,0.0,50.0,16.0
2014-08-24 00:42:24+00:00,540.0,0.0,0.0,50.0,16.0
2014-08-24 00:42:30+00:00,538.0,0.0,0.0,50.0,16.0
2014-08-24 00:42:36+00:00,538.0,0.0,0.0,50.0,16.0
2014-08-24 00:42:42+00:00,533.0,0.0,0.0,50.0,16.0
2014-08-24 00:42:48+00:00,541.0,0.0,0.0,50.0,16.0
2014-08-24 00:42:54+00:00,543.0,0.0,0.0,50.0,16.0
2014-08-24 00:43:00+00:00,538.0,0.0,0.0,51.0,16.0
2014-08-24 00:43:06+00:00,545.0,0.0,0.0,51.0,16.0
2014-08-24 00:43:12+00:00,526.0,0.0,0.0,50.0,16.0
2014-08-24 00:43:18+00:00,545.0,0.0,0.0,50.0,16.0
2014-08-24 00:43:24+00:00,560.0,0.0,0.0,50.0,16.0
2014-08-24 00:43:30+00:00,557.0,0.0,0.0,50.0,16.0
2014-08-24 00:43:36+00:00,556.0,0.0,0.0,50.0,16.0
2014-08-24 00:43:42+00:00,451.0,0.0,0.0,50.0,16.0
2014-08-24 00:43:48+00:00,460.0,0.0,0.0,50.0,16.0
2014-08-24 00:43:54+00:00,450.0,0.0,0.0,50.0,16.0
2014-08-24 00:44:00+00:00,462.0,0.0,0.0,50.0,16.0
2014-08-24 00:44:06+00:00,456.0,0.0,0.0,51.0,16.0
2014-08-24 00:44:12+00:00,456.0,0.0,0.0,50.0,16.0
2014-08-24 00:44:18+00:00,456.0,0.0,0.0,50.0,16.0
2014-08-24 00:44:24+00:00,457.0,0.0,0.0,50.0,16.0
2014-08-24 00:44:30+00:00,459.0,0.0,0.0,50.0,16.0
2014-08-24 00:44:36+00:00,458.0,0.0,0.0,51.0,16.0
2014-08-24 00:44:42+00:00,459.0,0.0,0.0,50.0,16.0
2014-08-24 00:44:48+00:00,451.0,0.0,0.0,50.0,16.0
2014-08-24 00:44:54+00:00,454.0,0.0,0.0,51.0,16.0
2014-08-24 00:45:00+00:00,445.0,0.0,0.0,50.0,16.0
2014-08-24 00:45:06+00:00,449.0,0.0,0.0,51.0,16.0
2014-08-24 00:45:12+00:00,449.0,0.0,0.0,51.0,16.0
2014-08-24 00:45:18+00:00,447.0,0.0,0.0,50.0,16.0
2014-08-24 00:45:24+00:00,449.0,0.0,0.0,50.0,16.0
2014-08-24 00:45:30+00:00,464.0,0.0,0.0,51.0,16.0
2014-08-24 00:45:36+00:00,450.0,0.0,0.0,50.0,16.0
2014-08-24 00:45:42+00:00,450.0,0.0,0.0,51.0,16.0
2014-08-24 00:45:48+00:00,451.0,0.0,0.0,50.0,16.0
2014-08-24 00:45:54+00:00,456.0,0.0,0.0,50.0,16.0
2014-08-24 00:46:00+00:00,454.0,0.0,0.0,50.0,16.0
2014-08-24 00:46:06+00:00,457.0,0.0,0.0,50.0,16.0
2014-08-24 00:46:12+00:00,455.0,0.0,0.0,50.0,16.0
2014-08-24 00:46:18+00:00,449.0,0.0,0.0,50.0,16.0
2014-08-24 00:46:24+00:00,457.0,0.0,0.0,50.0,16.0
2014-08-24 00:46:30+00:00,454.0,0.0,0.0,51.0,16.0
2014-08-24 00:46:36+00:00,456.0,0.0,0.0,50.0,16.0
2014-08-24 00:46:42+00:00,456.0,0.0,0.0,50.0,16.0
2014-08-24 00:46:48+00:00,457.0,0.0,0.0,50.0,16.0
2014-08-24 00:46:54+00:00,449.0,0.0,0.0,50.0,16.0
2014-08-24 00:47:00+00:00,451.0,0.0,0.0,50.0,16.0
2014-08-24 00:47:06+00:00,446.0,0.0,0.0,50.0,16.0
2014-08-24 00:47:12+00:00,454.0,0.0,0.0,50.0,16.0
2014-08-24 00:47:18+00:00,457.0,0.0,0.0,50.0,16.0
2014-08-24 00:47:24+00:00,457.0,0.0,0.0,50.0,16.0
2014-08-24 00:47:30+00:00,455.0,0.0,0.0,50.0,16.0
2014-08-24 00:47:36+00:00,451.0,0.0,0.0,50.0,16.0
2014-08-24 00:47:42+00:00,451.0,0.0,0.0,50.0,16.0
2014-08-24 00:47:48+00:00,457.0,0.0,0.0,48.0,16.0
2014-08-24 00:47:54+00:00,453.0,0.0,0.0,50.0,16.0
2014-08-24 00:48:00+00:00,451.0,0.0,0.0,50.0,16.0
2014-08-24 00:48:06+00:00,451.0,0.0,0.0,50.0,16.0
2014-08-24 00:48:12+00:00,454.0,0.0,0.0,50.0,16.0
2014-08-24 00:48:18+00:00,451.0,0.0,0.0,50.0,16.0
2014-08-24 00:48:24+00:00,461.0,0.0,0.0,50.0,16.0
2014-08-24 00:48:30+00:00,456.0,0.0,0.0,51.0,16.0
2014-08-24 00:48:36+00:00,458.0,0.0,0.0,50.0,16.0
2014-08-24 00:48:42+00:00,451.0,0.0,0.0,50.0,16.0
2014-08-24 00:48:48+00:00,454.0,0.0,0.0,50.0,16.0
2014-08-24 00:48:54+00:00,451.0,0.0,0.0,50.0,16.0
2014-08-24 00:49:00+00:00,453.0,0.0,0.0,50.0,16.0
2014-08-24 00:49:06+00:00,442.0,0.0,0.0,51.0,16.0
2014-08-24 00:49:12+00:00,457.0,0.0,0.0,50.0,16.0
2014-08-24 00:49:18+00:00,457.0,0.0,0.0,50.0,16.0
2014-08-24 00:49:24+00:00,446.0,0.0,0.0,51.0,16.0
2014-08-24 00:49:30+00:00,446.0,0.0,0.0,50.0,16.0
2014-08-24 00:49:36+00:00,460.0,0.0,0.0,51.0,16.0
2014-08-24 00:49:42+00:00,453.0,0.0,0.0,51.0,16.0
2014-08-24 00:49:48+00:00,450.0,0.0,0.0,50.0,16.0
2014-08-24 00:49:54+00:00,458.0,0.0,0.0,50.0,16.0
2014-08-24 00:50:00+00:00,456.0,0.0,0.0,50.0,16.0
2014-08-24 00:50:06+00:00,462.0,0.0,0.0,51.0,16.0
2014-08-24 00:50:12+00:00,449.0,0.0,0.0,50.0,16.0
2014-08-24 00:50:18+00:00,461.0,0.0,0.0,50.0,16.0
2014-08-24 00:50:24+00:00,461.0,0.0,0.0,50.0,16.0
2014-08-24 00:50:30+00:00,453.0,0.0,0.0,50.0,16.0
2014-08-24 00:50:36+00:00,466.0,0.0,0.0,50.0,16.0
2014-08-24 00:50:42+00:00,454.0,0.0,0.0,50.0,16.0
2014-08-24 00:50:48+00:00,454.0,0.0,0.0,50.0,16.0
2014-08-24 00:50:54+00:00,451.0,0.0,0.0,50.0,16.0
2014-08-24 00:51:00+00:00,451.0,0.0,0.0,51.0,16.0
2014-08-24 00:51:06+00:00,457.0,0.0,0.0,50.0,16.0
2014-08-24 00:51:12+00:00,453.0,0.0,0.0,50.0,16.0
2014-08-24 00:51:18+00:00,451.0,0.0,0.0,50.0,16.0
2014-08-24 00:51:24+00:00,457.0,0.0,0.0,50.0,16.0
2014-08-24 00:51:30+00:00,451.0,0.0,0.0,50.0,16.0
2014-08-24 00:51:36+00:00,454.0,0.0,0.0,50.0,16.0
2014-08-24 00:51:42+00:00,457.0,0.0,0.0,50.0,16.0
2014-08-24 00:51:48+00:00,454.0,0.0,0.0,50.0,16.0
2014-08-24 00:51:54+00:00,446.0,0.0,0.0,50.0,16.0
2014-08-24 00:52:00+00:00,457.0,0.0,0.0,50.0,16.0
2014-08-24 00:52:06+00:00,453.0,0.0,0.0,50.0,16.0
2014-08-24 00:52:12+00:00,453.0,0.0,0.0,50.0,16.0
2014-08-24 00:52:18+00:00,457.0,0.0,0.0,50.0,16.0
2014-08-24 00:52:24+00:00,449.0,0.0,0.0,50.0,16.0
2014-08-24 00:52:30+00:00,458.0,0.0,0.0,50.0,16.0
2014-08-24 00:52:36+00:00,458.0,0.0,0.0,50.0,16.0
2014-08-24 00:52:42+00:00,447.0,0.0,0.0,50.0,16.0
2014-08-24 00:52:48+00:00,448.0,0.0,0.0,51.0,16.0
2014-08-24 00:52:54+00:00,453.0,0.0,0.0,50.0,16.0
2014-08-24 00:53:00+00:00,447.0,0.0,0.0,50.0,16.0
2014-08-24 00:53:06+00:00,447.0,0.0,0.0,50.0,16.0
2014-08-24 00:53:12+00:00,454.0,0.0,0.0,50.0,16.0
2014-08-24 00:53:18+00:00,454.0,0.0,0.0,50.0,16.0
2014-08-24 00:53:24+00:00,450.0,0.0,0.0,50.0,16.0
2014-08-24 00:53:30+00:00,450.0,0.0,0.0,50.0,16.0
2014-08-24 00:53:36+00:00,458.0,0.0,0.0,50.0,16.0
2014-08-24 00:53:42+00:00,458.0,0.0,0.0,50.0,16.0
2014-08-24 00:53:48+00:00,459.0,0.0,0.0,50.0,16.0
2014-08-24 00:53:54+00:00,447.0,0.0,0.0,50.0,16.0
2014-08-24 00:54:00+00:00,457.0,0.0,0.0,50.0,16.0
2014-08-24 00:54:06+00:00,455.0,0.0,0.0,50.0,16.0
2014-08-24 00:54:12+00:00,451.0,0.0,0.0,50.0,16.0
2014-08-24 00:54:18+00:00,447.0,0.0,0.0,50.0,16.0
2014-08-24 00:54:24+00:00,457.0,0.0,0.0,50.0,16.0
2014-08-24 00:54:30+00:00,457.0,0.0,0.0,50.0,16.0
2014-08-24 00:54:36+00:00,469.0,0.0,0.0,50.0,16.0
2014-08-24 00:54:42+00:00,454.0,0.0,0.0,50.0,16.0
2014-08-24 00:54:48+00:00,455.0,0.0,0.0,50.0,16.0
2014-08-24 00:54:54+00:00,449.0,0.0,0.0,50.0,16.0
2014-08-24 00:55:00+00:00,448.0,0.0,0.0,50.0,16.0
2014-08-24 00:55:06+00:00,451.0,0.0,0.0,50.0,16.0
2014-08-24 00:55:12+00:00,455.0,0.0,0.0,50.0,16.0
2014-08-24 00:55:18+00:00,450.0,0.0,0.0,50.0,16.0
2014-08-24 00:55:24+00:00,455.0,0.0,0.0,50.0,16.0
2014-08-24 00:55:30+00:00,448.0,0.0,0.0,50.0,16.0
2014-08-24 00:55:36+00:00,459.0,0.0,0.0,50.0,16.0
2014-08-24 00:55:42+00:00,461.0,0.0,0.0,50.0,16.0
2014-08-24 00:55:48+00:00,457.0,0.0,0.0,50.0,16.0
2014-08-24 00:55:54+00:00,457.0,0.0,0.0,51.0,16.0
2014-08-24 00:56:00+00:00,453.0,0.0,0.0,50.0,16.0
2014-08-24 00:56:06+00:00,449.0,0.0,0.0,51.0,16.0
2014-08-24 00:56:12+00:00,462.0,0.0,0.0,50.0,16.0
2014-08-24 00:56:18+00:00,462.0,0.0,0.0,51.0,16.0
2014-08-24 00:56:24+00:00,455.0,0.0,0.0,50.0,16.0
2014-08-24 00:56:30+00:00,456.0,0.0,0.0,50.0,16.0
2014-08-24 00:56:36+00:00,461.0,0.0,0.0,51.0,16.0
2014-08-24 00:56:42+00:00,453.0,0.0,0.0,50.0,16.0
2014-08-24 00:56:48+00:00,454.0,0.0,0.0,50.0,16.0
2014-08-24 00:56:54+00:00,454.0,0.0,0.0,50.0,16.0
2014-08-24 00:57:00+00:00,454.0,0.0,0.0,51.0,16.0
2014-08-24 00:57:06+00:00,448.0,0.0,0.0,50.0,16.0
2014-08-24 00:57:12+00:00,451.0,0.0,0.0,50.0,16.0
2014-08-24 00:57:18+00:00,450.0,0.0,0.0,50.0,16.0
2014-08-24 00:57:24+00:00,458.0,0.0,0.0,51.0,16.0
2014-08-24 00:57:30+00:00,446.0,0.0,0.0,50.0,16.0
2014-08-24 00:57:36+00:00,458.0,0.0,0.0,50.0,16.0
2014-08-24 00:57:42+00:00,454.0,0.0,0.0,50.5,16.0
2014-08-24 00:57:48+00:00,450.0,0.0,0.0,50.5,16.0
2014-08-24 00:57:54+00:00,458.0,0.0,0.0,51.0,16.0
2014-08-24 00:58:00+00:00,449.0,0.0,0.0,50.0,16.0
2014-08-24 00:58:06+00:00,458.0,0.0,0.0,50.0,16.0
2014-08-24 00:58:12+00:00,458.0,0.0,0.0,51.0,16.0
2014-08-24 00:58:18+00:00,457.0,0.0,0.0,50.0,16.0
2014-08-24 00:58:24+00:00,457.0,0.0,0.0,50.0,16.0
2014-08-24 00:58:30+00:00,456.0,0.0,0.0,50.0,16.0
2014-08-24 00:58:36+00:00,457.0,0.0,0.0,50.0,16.0
2014-08-24 00:58:42+00:00,460.0,0.0,0.0,51.0,16.0
2014-08-24 00:58:48+00:00,455.0,0.0,0.0,50.0,16.0
2014-08-24 00:58:54+00:00,459.0,0.0,0.0,50.0,16.0
2014-08-24 00:59:00+00:00,450.0,0.0,0.0,50.0,16.0
2014-08-24 00:59:06+00:00,458.0,0.0,0.0,50.0,16.0
2014-08-24 00:59:12+00:00,438.0,0.0,0.0,50.0,16.0
2014-08-24 00:59:18+00:00,446.0,0.0,0.0,50.0,16.0
2014-08-24 00:59:24+00:00,447.0,0.0,0.0,50.0,16.0
2014-08-24 00:59:30+00:00,447.0,0.0,0.0,50.0,16.0
2014-08-24 00:59:36+00:00,441.0,0.0,0.0,51.0,16.0
2014-08-24 00:59:42+00:00,444.0,0.0,0.0,50.0,16.0
2014-08-24 00:59:48+00:00,445.0,0.0,0.0,50.0,16.0
2014-08-24 00:59:54+00:00,444.0,0.0,0.0,50.0,16.0
2014-08-24 01:00:00+00:00,444.0,0.0,0.0,50.0,16.0
2014-08-24 01:00:06+00:00,489.0,0.0,0.0,50.0,16.0
2014-08-24 01:00:12+00:00,490.0,0.0,0.0,51.0,16.0
2014-08-24 01:00:18+00:00,493.0,0.0,0.0,50.0,16.0
2014-08-24 01:00:24+00:00,512.0,0.0,0.0,50.0,16.0
2014-08-24 01:00:30+00:00,518.0,0.0,0.0,50.0,16.0
2014-08-24 01:00:36+00:00,518.0,0.0,0.0,50.0,16.0
2014-08-24 01:00:42+00:00,515.0,0.0,0.0,50.0,16.0
2014-08-24 01:00:48+00:00,518.0,0.0,0.0,50.0,16.0
2014-08-24 01:00:54+00:00,509.0,0.0,0.0,50.0,16.0
2014-08-24 01:01:00+00:00,512.0,0.0,0.0,51.0,16.0
2014-08-24 01:01:06+00:00,492.0,0.0,0.0,51.0,16.0
2014-08-24 01:01:12+00:00,482.0,0.0,0.0,51.0,16.0
2014-08-24 01:01:18+00:00,454.0,0.0,0.0,51.0,16.0
2014-08-24 01:01:24+00:00,445.0,0.0,0.0,50.0,16.0
2014-08-24 01:01:30+00:00,448.0,0.0,0.0,50.0,16.0
2014-08-24 01:01:36+00:00,456.0,0.0,0.0,50.0,16.0
2014-08-24 01:01:42+00:00,453.0,0.0,0.0,51.0,16.0
2014-08-24 01:01:48+00:00,447.0,0.0,0.0,51.0,16.0
2014-08-24 01:01:54+00:00,447.0,0.0,0.0,50.0,16.0
2014-08-24 01:02:00+00:00,446.0,0.0,0.0,50.0,16.0
2014-08-24 01:02:06+00:00,449.0,0.0,0.0,51.0,16.0
2014-08-24 01:02:12+00:00,449.0,0.0,0.0,50.0,16.0
2014-08-24 01:02:18+00:00,447.0,0.0,0.0,50.0,16.0
2014-08-24 01:02:24+00:00,447.0,0.0,0.0,50.0,16.0
2014-08-24 01:02:30+00:00,455.0,0.0,0.0,50.0,16.0
2014-08-24 01:02:36+00:00,455.0,0.0,0.0,50.0,16.0
2014-08-24 01:02:42+00:00,449.0,0.0,0.0,50.0,16.0
2014-08-24 01:02:48+00:00,450.0,0.0,0.0,50.0,16.0
2014-08-24 01:02:54+00:00,455.0,0.0,0.0,50.0,16.0
2014-08-24 01:03:00+00:00,450.0,0.0,0.0,51.0,16.0
2014-08-24 01:03:06+00:00,448.0,0.0,0.0,51.0,16.0
2014-08-24 01:03:12+00:00,457.0,0.0,0.0,50.0,16.0
2014-08-24 01:03:18+00:00,447.0,0.0,0.0,51.0,16.0
2014-08-24 01:03:24+00:00,445.0,0.0,0.0,50.0,16.0
2014-08-24 01:03:30+00:00,448.0,0.0,0.0,51.0,16.0
2014-08-24 01:03:36+00:00,448.0,0.0,0.0,50.0,16.0
2014-08-24 01:03:42+00:00,449.0,0.0,0.0,50.0,16.0
2014-08-24 01:03:48+00:00,449.0,0.0,0.0,51.0,16.0
2014-08-24 01:03:54+00:00,449.0,0.0,0.0,50.0,16.0
2014-08-24 01:04:00+00:00,449.0,0.0,0.0,50.0,16.0
2014-08-24 01:04:06+00:00,448.0,0.0,0.0,50.0,16.0
2014-08-24 01:04:12+00:00,454.0,0.0,0.0,50.0,16.0
2014-08-24 01:04:18+00:00,456.0,0.0,0.0,51.0,16.0
2014-08-24 01:04:24+00:00,458.0,0.0,0.0,51.0,16.0
2014-08-24 01:04:30+00:00,447.0,0.0,0.0,51.0,16.0
2014-08-24 01:04:36+00:00,446.0,0.0,0.0,50.0,16.0
2014-08-24 01:04:42+00:00,448.0,0.0,0.0,50.0,16.0
2014-08-24 01:04:48+00:00,450.0,0.0,0.0,50.0,16.0
2014-08-24 01:04:54+00:00,440.0,0.0,0.0,50.0,16.0
2014-08-24 01:05:00+00:00,455.0,0.0,0.0,50.0,16.0
2014-08-24 01:05:06+00:00,456.0,0.0,0.0,50.0,16.0
2014-08-24 01:05:12+00:00,448.0,0.0,0.0,50.0,16.0
2014-08-24 01:05:18+00:00,448.0,0.0,0.0,50.0,16.0
2014-08-24 01:05:24+00:00,448.0,0.0,0.0,50.0,16.0
2014-08-24 01:05:30+00:00,467.0,0.0,0.0,50.0,16.0
2014-08-24 01:05:36+00:00,451.0,0.0,0.0,50.0,16.0
2014-08-24 01:05:42+00:00,471.0,0.0,0.0,50.0,16.0
2014-08-24 01:05:48+00:00,476.0,0.0,0.0,50.0,16.0
2014-08-24 01:05:54+00:00,474.0,0.0,0.0,50.0,16.0
2014-08-24 01:06:00+00:00,447.0,0.0,0.0,50.0,16.0
2014-08-24 01:06:06+00:00,439.0,0.0,0.0,50.0,16.0
2014-08-24 01:06:12+00:00,440.0,0.0,0.0,50.0,16.0
2014-08-24 01:06:18+00:00,440.0,0.0,0.0,50.0,16.0
2014-08-24 01:06:24+00:00,443.0,0.0,0.0,50.0,16.0
2014-08-24 01:06:30+00:00,444.0,0.0,0.0,51.0,16.0
2014-08-24 01:06:36+00:00,447.0,0.0,0.0,50.0,16.0
2014-08-24 01:06:42+00:00,440.0,0.0,0.0,50.0,16.0
2014-08-24 01:06:48+00:00,449.0,0.0,0.0,50.0,16.0
2014-08-24 01:06:54+00:00,448.0,0.0,0.0,50.0,16.0
2014-08-24 01:07:00+00:00,445.0,0.0,0.0,50.0,16.0
2014-08-24 01:07:06+00:00,435.0,0.0,0.0,50.0,16.0
2014-08-24 01:07:12+00:00,439.0,0.0,0.0,50.0,16.0
2014-08-24 01:07:18+00:00,442.0,0.0,0.0,50.0,16.0
2014-08-24 01:07:24+00:00,450.0,0.0,0.0,50.0,16.0
2014-08-24 01:07:30+00:00,449.0,0.0,0.0,50.0,16.0
2014-08-24 01:07:36+00:00,451.0,0.0,0.0,50.0,16.0
2014-08-24 01:07:42+00:00,451.0,0.0,0.0,50.0,16.0
2014-08-24 01:07:48+00:00,451.0,0.0,0.0,50.0,16.0
2014-08-24 01:07:54+00:00,453.0,0.0,0.0,50.0,16.0
2014-08-24 01:08:00+00:00,454.0,0.0,0.0,50.0,16.0
2014-08-24 01:08:06+00:00,451.0,0.0,0.0,50.0,16.0
2014-08-24 01:08:12+00:00,451.0,0.0,0.0,50.0,16.0
2014-08-24 01:08:18+00:00,446.0,0.0,0.0,50.0,16.0
2014-08-24 01:08:24+00:00,455.0,0.0,0.0,50.0,16.0
2014-08-24 01:08:30+00:00,446.0,0.0,0.0,50.0,16.0
2014-08-24 01:08:36+00:00,445.0,0.0,0.0,50.0,16.0
2014-08-24 01:08:42+00:00,450.0,0.0,0.0,51.0,16.0
2014-08-24 01:08:48+00:00,445.0,0.0,0.0,50.0,16.0
2014-08-24 01:08:54+00:00,445.0,0.0,0.0,50.0,16.0
2014-08-24 01:09:00+00:00,453.0,0.0,0.0,51.0,16.0
2014-08-24 01:09:06+00:00,450.0,0.0,0.0,50.0,16.0
2014-08-24 01:09:12+00:00,436.0,0.0,0.0,50.0,16.0
2014-08-24 01:09:18+00:00,447.0,0.0,0.0,50.0,16.0
2014-08-24 01:09:24+00:00,448.0,0.0,0.0,50.0,16.0
2014-08-24 01:09:30+00:00,457.0,0.0,0.0,50.0,16.0
2014-08-24 01:09:36+00:00,457.0,0.0,0.0,51.0,16.0
2014-08-24 01:09:42+00:00,456.0,0.0,0.0,50.0,16.0
2014-08-24 01:09:48+00:00,446.0,0.0,0.0,50.0,16.0
2014-08-24 01:09:54+00:00,448.0,0.0,0.0,51.0,16.0
2014-08-24 01:10:00+00:00,445.0,0.0,0.0,50.0,16.0
2014-08-24 01:10:06+00:00,455.0,0.0,0.0,50.0,16.0
2014-08-24 01:10:12+00:00,449.0,0.0,0.0,50.0,16.0
2014-08-24 01:10:18+00:00,447.0,0.0,0.0,50.0,16.0
2014-08-24 01:10:24+00:00,454.0,0.0,0.0,50.0,16.0
2014-08-24 01:10:30+00:00,448.0,0.0,0.0,50.0,16.0
2014-08-24 01:10:36+00:00,444.0,0.0,0.0,50.5,16.0
2014-08-24 01:10:42+00:00,454.0,0.0,0.0,50.0,16.0
2014-08-24 01:10:48+00:00,455.0,0.0,0.0,50.0,16.0
2014-08-24 01:10:54+00:00,440.0,0.0,0.0,50.0,16.0
2014-08-24 01:11:00+00:00,433.0,0.0,0.0,51.0,16.0
2014-08-24 01:11:06+00:00,447.0,0.0,0.0,51.0,16.0
2014-08-24 01:11:12+00:00,449.0,0.0,0.0,50.0,16.0
2014-08-24 01:11:18+00:00,451.0,0.0,0.0,50.0,16.0
2014-08-24 01:11:24+00:00,451.0,0.0,0.0,50.0,16.0
2014-08-24 01:11:30+00:00,449.0,0.0,0.0,50.0,16.0
2014-08-24 01:11:36+00:00,449.0,0.0,0.0,50.0,16.0
2014-08-24 01:11:42+00:00,457.0,0.0,0.0,51.0,16.0
2014-08-24 01:11:48+00:00,448.0,0.0,0.0,51.0,16.0
2014-08-24 01:11:54+00:00,454.0,0.0,0.0,50.0,16.0
2014-08-24 01:12:00+00:00,454.0,0.0,0.0,50.0,16.0
2014-08-24 01:12:06+00:00,444.0,0.0,0.0,50.0,16.0
2014-08-24 01:12:12+00:00,453.0,0.0,0.0,51.0,16.0
2014-08-24 01:12:18+00:00,448.0,0.0,0.0,50.0,16.0
2014-08-24 01:12:24+00:00,447.0,0.0,0.0,50.0,16.0
2014-08-24 01:12:30+00:00,455.0,0.0,0.0,50.0,16.0
2014-08-24 01:12:36+00:00,455.0,0.0,0.0,50.0,16.0
2014-08-24 01:12:42+00:00,451.0,0.0,0.0,50.0,16.0
2014-08-24 01:12:48+00:00,444.0,0.0,0.0,50.0,16.0
2014-08-24 01:12:54+00:00,438.0,0.0,0.0,50.0,16.0
2014-08-24 01:13:00+00:00,437.0,0.0,0.0,50.0,16.0
2014-08-24 01:13:06+00:00,434.0,0.0,0.0,50.0,16.0
2014-08-24 01:13:12+00:00,447.0,0.0,0.0,51.0,16.0
2014-08-24 01:13:18+00:00,442.0,0.0,0.0,51.0,16.0
2014-08-24 01:13:24+00:00,453.0,0.0,0.0,50.0,16.0
2014-08-24 01:13:30+00:00,450.0,0.0,0.0,50.0,16.0
2014-08-24 01:13:36+00:00,454.0,0.0,0.0,50.0,16.0
2014-08-24 01:13:42+00:00,445.0,0.0,0.0,51.0,16.0
2014-08-24 01:13:48+00:00,453.0,0.0,0.0,51.0,16.0
2014-08-24 01:13:54+00:00,448.0,0.0,0.0,50.0,16.0
2014-08-24 01:14:00+00:00,441.0,0.0,0.0,50.0,16.0
2014-08-24 01:14:06+00:00,439.0,0.0,0.0,50.0,16.0
2014-08-24 01:14:12+00:00,444.0,0.0,0.0,51.0,16.0
2014-08-24 01:14:18+00:00,448.0,0.0,0.0,51.0,16.0
2014-08-24 01:14:24+00:00,453.0,0.0,0.0,50.0,16.0
2014-08-24 01:14:30+00:00,453.0,0.0,0.0,51.0,16.0
2014-08-24 01:14:36+00:00,443.0,0.0,0.0,50.0,16.0
2014-08-24 01:14:42+00:00,449.0,0.0,0.0,51.0,16.0
2014-08-24 01:14:48+00:00,450.0,0.0,0.0,50.0,16.0
2014-08-24 01:14:54+00:00,443.0,0.0,0.0,51.0,16.0
2014-08-24 01:15:00+00:00,442.0,0.0,0.0,50.0,16.0
2014-08-24 01:15:06+00:00,444.0,0.0,0.0,50.0,16.0
2014-08-24 01:15:12+00:00,442.0,0.0,0.0,50.0,16.0
2014-08-24 01:15:18+00:00,441.0,0.0,0.0,51.0,16.0
2014-08-24 01:15:24+00:00,445.0,0.0,0.0,51.0,16.0
2014-08-24 01:15:30+00:00,445.0,0.0,0.0,50.0,16.0
2014-08-24 01:15:36+00:00,435.0,0.0,0.0,50.0,16.0
2014-08-24 01:15:42+00:00,440.0,0.0,0.0,50.0,16.0
2014-08-24 01:15:48+00:00,440.0,0.0,0.0,50.0,16.0
2014-08-24 01:15:54+00:00,438.0,0.0,0.0,50.0,16.0
2014-08-24 01:16:00+00:00,442.0,0.0,0.0,51.0,16.0
2014-08-24 01:16:06+00:00,435.0,0.0,0.0,50.0,16.0
2014-08-24 01:16:12+00:00,442.0,0.0,0.0,50.0,17.0
2014-08-24 01:16:18+00:00,447.0,0.0,0.0,50.0,16.0
2014-08-24 01:16:24+00:00,439.0,0.0,0.0,51.0,16.0
2014-08-24 01:16:30+00:00,441.0,0.0,0.0,51.0,16.0
2014-08-24 01:16:36+00:00,449.0,0.0,0.0,51.0,16.0
2014-08-24 01:16:42+00:00,443.0,0.0,0.0,51.0,16.0
2014-08-24 01:16:48+00:00,433.0,0.0,0.0,51.0,16.0
2014-08-24 01:16:54+00:00,437.0,0.0,0.0,50.0,16.0
2014-08-24 01:17:00+00:00,436.0,0.0,0.0,51.0,16.0
2014-08-24 01:17:06+00:00,442.0,0.0,0.0,51.0,16.0
2014-08-24 01:17:12+00:00,436.0,0.0,0.0,50.0,16.0
2014-08-24 01:17:18+00:00,442.0,0.0,0.0,51.0,16.0
2014-08-24 01:17:24+00:00,444.0,0.0,0.0,50.0,16.0
2014-08-24 01:17:30+00:00,444.0,0.0,0.0,50.0,16.0
2014-08-24 01:17:36+00:00,438.0,0.0,0.0,51.0,16.0
2014-08-24 01:17:42+00:00,437.0,0.0,0.0,51.0,16.0
2014-08-24 01:17:48+00:00,438.0,0.0,0.0,50.0,16.0
2014-08-24 01:17:54+00:00,435.0,0.0,0.0,50.0,16.0
2014-08-24 01:18:00+00:00,443.0,0.0,0.0,51.0,16.0
2014-08-24 01:18:06+00:00,435.0,0.0,0.0,50.0,16.0
2014-08-24 01:18:12+00:00,439.0,0.0,0.0,51.0,16.0
2014-08-24 01:18:18+00:00,438.0,0.0,0.0,51.0,16.0
2014-08-24 01:18:24+00:00,444.0,0.0,0.0,51.0,16.0
2014-08-24 01:18:30+00:00,448.0,0.0,0.0,51.0,16.0
2014-08-24 01:18:36+00:00,448.0,0.0,0.0,51.0,16.0
2014-08-24 01:18:42+00:00,446.0,0.0,0.0,51.0,16.0
2014-08-24 01:18:48+00:00,437.0,0.0,0.0,51.0,16.0
2014-08-24 01:18:54+00:00,437.0,0.0,0.0,51.0,17.0
2014-08-24 01:19:00+00:00,442.0,0.0,0.0,51.0,17.0
2014-08-24 01:19:06+00:00,441.0,0.0,0.0,50.0,16.0
2014-08-24 01:19:12+00:00,442.0,0.0,0.0,50.0,16.0
2014-08-24 01:19:18+00:00,444.0,0.0,0.0,51.0,16.0
2014-08-24 01:19:24+00:00,433.0,0.0,0.0,51.0,16.0
2014-08-24 01:19:30+00:00,438.0,0.0,0.0,50.0,17.0
2014-08-24 01:19:36+00:00,436.0,0.0,0.0,50.0,17.0
2014-08-24 01:19:42+00:00,436.0,0.0,0.0,50.0,16.0
2014-08-24 01:19:48+00:00,447.0,0.0,0.0,51.0,16.0
2014-08-24 01:19:54+00:00,438.0,0.0,0.0,51.0,16.0
2014-08-24 01:20:00+00:00,448.0,0.0,0.0,51.0,16.0
2014-08-24 01:20:06+00:00,440.0,0.0,0.0,50.0,16.0
2014-08-24 01:20:12+00:00,446.0,0.0,0.0,51.0,16.0
2014-08-24 01:20:18+00:00,442.0,0.0,0.0,51.0,16.0
2014-08-24 01:20:24+00:00,446.0,0.0,0.0,51.0,16.0
2014-08-24 01:20:30+00:00,446.0,0.0,0.0,50.0,16.0
2014-08-24 01:20:36+00:00,434.0,0.0,0.0,51.0,16.0
2014-08-24 01:20:42+00:00,442.0,0.0,0.0,50.0,16.0
2014-08-24 01:20:48+00:00,435.0,0.0,0.0,50.0,16.0
2014-08-24 01:20:54+00:00,434.0,0.0,0.0,50.0,16.0
2014-08-24 01:21:00+00:00,438.0,0.0,0.0,51.0,16.0
2014-08-24 01:21:06+00:00,439.0,0.0,0.0,50.0,16.0
2014-08-24 01:21:12+00:00,430.0,0.0,0.0,50.0,16.0
2014-08-24 01:21:18+00:00,443.0,0.0,0.0,51.0,16.0
2014-08-24 01:21:24+00:00,427.0,0.0,0.0,50.0,16.0
2014-08-24 01:21:30+00:00,442.0,0.0,0.0,50.0,16.0
2014-08-24 01:21:36+00:00,441.0,0.0,0.0,51.0,16.0
2014-08-24 01:21:42+00:00,444.0,0.0,0.0,51.0,16.0
2014-08-24 01:21:48+00:00,444.0,0.0,0.0,50.0,16.0
2014-08-24 01:21:54+00:00,424.0,0.0,0.0,51.0,16.0
2014-08-24 01:22:00+00:00,434.0,0.0,0.0,50.0,16.0
2014-08-24 01:22:06+00:00,432.0,0.0,0.0,51.0,16.0
2014-08-24 01:22:12+00:00,427.0,0.0,0.0,50.0,16.0
2014-08-24 01:22:18+00:00,436.0,0.0,0.0,50.0,16.0
2014-08-24 01:22:24+00:00,442.0,0.0,0.0,50.0,16.0
2014-08-24 01:22:30+00:00,448.0,0.0,0.0,50.0,16.0
2014-08-24 01:22:36+00:00,440.0,0.0,0.0,51.0,16.0
2014-08-24 01:22:42+00:00,440.0,0.0,0.0,51.0,16.0
2014-08-24 01:22:48+00:00,442.0,0.0,0.0,51.0,16.0
2014-08-24 01:22:54+00:00,449.0,0.0,0.0,51.0,16.0
2014-08-24 01:23:00+00:00,449.0,0.0,0.0,50.0,16.0
2014-08-24 01:23:06+00:00,447.0,0.0,0.0,51.0,16.0
2014-08-24 01:23:12+00:00,444.0,0.0,0.0,51.0,16.0
2014-08-24 01:23:18+00:00,432.0,0.0,0.0,50.0,16.0
2014-08-24 01:23:24+00:00,436.0,0.0,0.0,50.0,16.0
2014-08-24 01:23:30+00:00,436.0,0.0,0.0,51.0,16.0
2014-08-24 01:23:36+00:00,437.0,0.0,0.0,51.0,16.0
2014-08-24 01:23:42+00:00,439.0,0.0,0.0,50.0,16.0
2014-08-24 01:23:48+00:00,439.0,0.0,0.0,50.0,16.0
2014-08-24 01:23:54+00:00,435.0,0.0,0.0,50.0,16.0
2014-08-24 01:24:00+00:00,505.0,0.0,524.0,51.0,16.0
2014-08-24 01:24:06+00:00,500.0,0.0,124.0,51.0,16.0
2014-08-24 01:24:12+00:00,501.0,0.0,121.0,51.0,16.0
2014-08-24 01:24:18+00:00,503.0,0.0,126.0,51.0,16.0
2014-08-24 01:24:24+00:00,499.0,0.0,126.0,50.0,16.0
2014-08-24 01:24:30+00:00,487.0,0.0,124.0,51.0,16.0
2014-08-24 01:24:36+00:00,487.0,0.0,122.0,50.0,16.0
2014-08-24 01:24:42+00:00,487.0,0.0,124.0,50.0,16.0
2014-08-24 01:24:48+00:00,497.0,0.0,125.0,50.0,16.0
2014-08-24 01:24:54+00:00,491.0,0.0,124.0,50.0,16.0
2014-08-24 01:25:00+00:00,497.0,0.0,123.0,50.0,16.0
2014-08-24 01:25:06+00:00,488.0,0.0,124.0,51.0,16.0
2014-08-24 01:25:12+00:00,494.0,0.0,124.0,51.0,16.0
2014-08-24 01:25:18+00:00,487.0,0.0,120.0,50.0,16.0
2014-08-24 01:25:24+00:00,482.0,0.0,122.0,51.0,16.0
2014-08-24 01:25:30+00:00,494.0,0.0,117.0,50.0,16.0
2014-08-24 01:25:36+00:00,491.0,0.0,115.0,50.0,16.0
2014-08-24 01:25:42+00:00,493.0,0.0,115.0,51.0,16.0
2014-08-24 01:25:48+00:00,489.0,0.0,113.0,50.0,16.0
2014-08-24 01:25:54+00:00,483.0,0.0,111.0,51.0,16.0
2014-08-24 01:26:00+00:00,483.0,0.0,110.0,50.0,16.0
2014-08-24 01:26:06+00:00,483.0,0.0,110.0,50.0,16.0
2014-08-24 01:26:12+00:00,489.0,0.0,111.0,50.0,16.0
2014-08-24 01:26:18+00:00,483.0,0.0,110.0,50.0,16.0
2014-08-24 01:26:24+00:00,484.0,0.0,108.0,50.0,16.0
2014-08-24 01:26:30+00:00,490.0,0.0,110.0,51.0,16.0
2014-08-24 01:26:36+00:00,484.0,0.0,109.0,50.0,16.0
2014-08-24 01:26:42+00:00,480.0,0.0,107.0,50.0,16.0
2014-08-24 01:26:48+00:00,477.0,0.0,109.0,50.0,16.0
2014-08-24 01:26:54+00:00,482.0,0.0,106.0,51.0,16.0
2014-08-24 01:27:00+00:00,471.0,0.0,109.0,51.0,16.0
2014-08-24 01:27:06+00:00,478.0,0.0,106.0,50.0,16.0
2014-08-24 01:27:12+00:00,478.0,0.0,108.0,51.0,16.0
2014-08-24 01:27:18+00:00,475.0,0.0,107.0,50.0,16.0
2014-08-24 01:27:24+00:00,477.0,0.0,107.0,50.0,16.0
2014-08-24 01:27:30+00:00,479.0,0.0,108.0,50.0,16.0
2014-08-24 01:27:36+00:00,493.0,0.0,107.0,51.0,16.0
2014-08-24 01:27:42+00:00,478.0,0.0,107.0,51.0,16.0
2014-08-24 01:27:48+00:00,479.0,0.0,107.0,50.0,16.0
2014-08-24 01:27:54+00:00,481.0,0.0,108.0,51.0,16.0
2014-08-24 01:28:00+00:00,477.0,0.0,107.0,50.0,16.0
2014-08-24 01:28:06+00:00,484.0,0.0,109.0,51.0,16.0
2014-08-24 01:28:12+00:00,482.0,0.0,106.0,50.0,16.0
2014-08-24 01:28:18+00:00,486.0,0.0,109.0,50.0,16.0
2014-08-24 01:28:24+00:00,478.0,0.0,107.0,50.0,16.0
2014-08-24 01:28:30+00:00,481.0,0.0,109.0,50.0,16.0
2014-08-24 01:28:36+00:00,490.0,0.0,106.0,50.0,16.0
2014-08-24 01:28:42+00:00,479.0,0.0,108.0,50.0,16.0
2014-08-24 01:28:48+00:00,476.0,0.0,107.0,50.0,16.0
2014-08-24 01:28:54+00:00,476.0,0.0,108.0,50.0,16.0
2014-08-24 01:29:00+00:00,483.0,0.0,107.0,51.0,16.0
2014-08-24 01:29:06+00:00,483.0,0.0,108.0,51.0,16.0
2014-08-24 01:29:12+00:00,474.0,0.0,109.0,50.0,16.0
2014-08-24 01:29:18+00:00,480.0,0.0,107.0,50.0,16.0
2014-08-24 01:29:24+00:00,467.0,0.0,110.0,50.0,16.0
2014-08-24 01:29:30+00:00,482.0,0.0,107.0,50.0,16.0
2014-08-24 01:29:36+00:00,478.0,0.0,109.0,50.0,16.0
2014-08-24 01:29:42+00:00,469.0,0.0,107.0,50.0,16.0
2014-08-24 01:29:48+00:00,483.0,0.0,108.0,50.0,16.0
2014-08-24 01:29:54+00:00,466.0,0.0,109.0,50.0,16.0
2014-08-24 01:30:00+00:00,491.0,0.0,108.0,50.0,16.0
2014-08-24 01:30:06+00:00,474.0,0.0,109.0,50.0,16.0
2014-08-24 01:30:12+00:00,478.0,0.0,107.0,51.0,16.0
2014-08-24 01:30:18+00:00,480.0,0.0,110.0,50.0,16.0
2014-08-24 01:30:24+00:00,475.0,0.0,107.0,50.0,16.0
2014-08-24 01:30:30+00:00,477.0,0.0,109.0,50.0,16.0
2014-08-24 01:30:36+00:00,481.0,0.0,109.0,50.0,16.0
2014-08-24 01:30:42+00:00,481.0,0.0,107.0,50.0,16.0
2014-08-24 01:30:48+00:00,478.0,0.0,110.0,50.0,16.0
2014-08-24 01:30:54+00:00,478.0,0.0,108.0,50.0,16.0
2014-08-24 01:31:00+00:00,481.0,0.0,109.0,51.0,16.0
2014-08-24 01:31:06+00:00,481.0,0.0,110.0,50.0,16.0
2014-08-24 01:31:12+00:00,478.0,0.0,108.0,50.0,16.0
2014-08-24 01:31:18+00:00,480.0,0.0,110.0,50.0,16.0
2014-08-24 01:31:24+00:00,479.0,0.0,110.0,51.0,16.0
2014-08-24 01:31:30+00:00,486.0,0.0,108.0,50.0,16.0
2014-08-24 01:31:36+00:00,480.0,0.0,110.0,51.0,16.0
2014-08-24 01:31:42+00:00,478.0,0.0,110.0,51.0,16.0
2014-08-24 01:31:48+00:00,482.0,0.0,108.0,50.0,16.0
2014-08-24 01:31:54+00:00,476.0,0.0,110.0,50.0,16.0
2014-08-24 01:32:00+00:00,476.0,0.0,110.0,50.0,16.0
2014-08-24 01:32:06+00:00,476.0,0.0,108.0,50.0,16.0
2014-08-24 01:32:12+00:00,479.0,0.0,110.0,50.0,16.0
2014-08-24 01:32:18+00:00,479.0,0.0,110.0,51.0,16.0
2014-08-24 01:32:24+00:00,485.0,0.0,108.0,51.0,16.0
2014-08-24 01:32:30+00:00,474.0,0.0,110.0,50.0,16.0
2014-08-24 01:32:36+00:00,482.0,0.0,110.0,50.0,16.0
2014-08-24 01:32:42+00:00,470.0,0.0,108.0,50.0,16.0
2014-08-24 01:32:48+00:00,481.0,0.0,110.0,50.0,16.0
2014-08-24 01:32:54+00:00,474.0,0.0,111.0,50.0,16.0
2014-08-24 01:33:00+00:00,473.0,0.0,109.0,50.0,16.0
2014-08-24 01:33:06+00:00,474.0,0.0,109.0,51.0,16.0
2014-08-24 01:33:12+00:00,472.0,0.0,111.0,50.0,16.0
2014-08-24 01:33:18+00:00,479.0,0.0,110.0,50.0,16.0
2014-08-24 01:33:24+00:00,474.0,0.0,108.0,50.0,16.0
2014-08-24 01:33:30+00:00,476.0,0.0,110.0,50.0,16.0
2014-08-24 01:33:36+00:00,476.0,0.0,110.0,50.0,16.0
2014-08-24 01:33:42+00:00,477.0,0.0,109.0,50.0,16.0
2014-08-24 01:33:48+00:00,478.0,0.0,110.0,50.0,16.0
2014-08-24 01:33:54+00:00,474.0,0.0,111.0,50.0,16.0
2014-08-24 01:34:00+00:00,475.0,0.0,109.0,50.0,16.0
2014-08-24 01:34:06+00:00,466.0,0.0,108.0,50.0,16.0
2014-08-24 01:34:12+00:00,484.0,0.0,110.0,50.0,16.0
2014-08-24 01:34:18+00:00,478.0,0.0,110.0,51.0,16.0
2014-08-24 01:34:24+00:00,483.0,0.0,109.0,51.0,16.0
2014-08-24 01:34:30+00:00,473.0,0.0,110.0,50.0,16.0
2014-08-24 01:34:36+00:00,484.0,0.0,110.0,50.0,16.0
2014-08-24 01:34:42+00:00,483.0,0.0,110.0,50.0,16.0
2014-08-24 01:34:48+00:00,476.0,0.0,109.0,50.0,16.0
2014-08-24 01:34:54+00:00,476.0,0.0,109.0,50.0,16.0
2014-08-24 01:35:00+00:00,479.0,0.0,111.0,50.0,16.0
2014-08-24 01:35:06+00:00,479.0,0.0,110.0,50.0,16.0
2014-08-24 01:35:12+00:00,470.0,0.0,108.0,50.0,16.0
2014-08-24 01:35:18+00:00,484.0,0.0,111.0,50.0,16.0
2014-08-24 01:35:24+00:00,494.0,0.0,109.0,50.0,16.0
2014-08-24 01:35:30+00:00,516.0,0.0,108.0,51.0,16.0
2014-08-24 01:35:36+00:00,485.0,0.0,110.0,50.0,16.0
2014-08-24 01:35:42+00:00,508.0,0.0,110.0,51.0,16.0
2014-08-24 01:35:48+00:00,508.0,0.0,108.0,50.0,16.0
2014-08-24 01:35:54+00:00,479.0,0.0,110.0,50.0,16.0
2014-08-24 01:36:00+00:00,468.0,0.0,110.0,50.0,16.0
2014-08-24 01:36:06+00:00,475.0,0.0,108.0,50.0,16.0
2014-08-24 01:36:12+00:00,472.0,0.0,110.0,50.0,16.0
2014-08-24 01:36:18+00:00,477.0,0.0,110.0,50.0,16.0
2014-08-24 01:36:24+00:00,480.0,0.0,108.0,50.0,16.0
2014-08-24 01:36:30+00:00,472.0,0.0,110.0,50.0,16.0
2014-08-24 01:36:36+00:00,473.0,0.0,110.0,50.0,16.0
2014-08-24 01:36:42+00:00,483.0,0.0,108.0,50.0,16.0
2014-08-24 01:36:48+00:00,477.0,0.0,109.0,50.0,16.0
2014-08-24 01:36:54+00:00,473.0,0.0,110.0,50.0,16.0
2014-08-24 01:37:00+00:00,477.0,0.0,109.0,50.0,16.0
2014-08-24 01:37:06+00:00,472.0,0.0,108.0,51.0,16.0
2014-08-24 01:37:12+00:00,468.0,0.0,110.0,51.0,16.0
2014-08-24 01:37:18+00:00,466.0,0.0,108.0,50.0,16.0
2014-08-24 01:37:24+00:00,477.0,0.0,108.0,51.0,16.0
2014-08-24 01:37:30+00:00,477.0,0.0,110.0,50.0,16.0
2014-08-24 01:37:36+00:00,475.0,0.0,109.0,50.0,16.0
2014-08-24 01:37:42+00:00,479.0,0.0,108.0,50.0,16.0
2014-08-24 01:37:48+00:00,474.0,0.0,110.0,50.0,16.0
2014-08-24 01:37:54+00:00,475.0,0.0,109.0,50.0,16.0
2014-08-24 01:38:00+00:00,478.0,0.0,108.0,51.0,16.0
2014-08-24 01:38:06+00:00,478.0,0.0,110.0,50.0,16.0
2014-08-24 01:38:12+00:00,471.0,0.0,108.0,50.0,16.0
2014-08-24 01:38:18+00:00,481.0,0.0,108.0,50.0,16.0
2014-08-24 01:38:24+00:00,485.0,0.0,110.0,50.0,16.0
2014-08-24 01:38:30+00:00,476.0,0.0,108.0,50.0,16.0
2014-08-24 01:38:36+00:00,480.0,0.0,109.0,50.0,16.0
2014-08-24 01:38:42+00:00,481.0,0.0,110.0,50.0,16.0
2014-08-24 01:38:48+00:00,484.0,0.0,107.0,51.0,16.0
2014-08-24 01:38:54+00:00,471.0,0.0,109.0,51.0,16.0
2014-08-24 01:39:00+00:00,471.0,0.0,109.0,50.0,16.0
2014-08-24 01:39:06+00:00,471.0,0.0,107.0,50.0,16.0
2014-08-24 01:39:12+00:00,481.0,0.0,110.0,50.0,16.0
2014-08-24 01:39:18+00:00,475.0,0.0,109.0,50.0,16.0
2014-08-24 01:39:24+00:00,485.0,0.0,108.0,51.0,16.0
2014-08-24 01:39:30+00:00,481.0,0.0,110.0,50.0,16.0
2014-08-24 01:39:36+00:00,484.0,0.0,108.0,50.0,16.0
2014-08-24 01:39:42+00:00,473.0,0.0,108.0,50.0,16.0
2014-08-24 01:39:48+00:00,478.0,0.0,109.0,50.0,16.0
2014-08-24 01:39:54+00:00,478.0,0.0,107.0,51.0,16.0
2014-08-24 01:40:00+00:00,477.0,0.0,109.0,50.0,16.0
2014-08-24 01:40:06+00:00,478.0,0.0,109.0,50.0,16.0
2014-08-24 01:40:12+00:00,480.0,0.0,107.0,51.0,16.0
2014-08-24 01:40:18+00:00,469.0,0.0,110.0,50.0,16.0
2014-08-24 01:40:24+00:00,477.0,0.0,108.0,50.0,16.0
2014-08-24 01:40:30+00:00,476.0,0.0,108.0,51.0,16.0
2014-08-24 01:40:36+00:00,478.0,0.0,110.0,50.0,16.0
2014-08-24 01:40:42+00:00,473.0,0.0,107.0,50.0,16.0
2014-08-24 01:40:48+00:00,478.0,0.0,108.0,50.0,16.0
2014-08-24 01:40:54+00:00,473.0,0.0,108.0,50.0,16.0
2014-08-24 01:41:00+00:00,471.0,0.0,107.0,50.0,16.0
2014-08-24 01:41:06+00:00,474.0,0.0,109.0,50.0,16.0
2014-08-24 01:41:12+00:00,474.0,0.0,108.0,50.0,16.0
2014-08-24 01:41:18+00:00,472.0,0.0,107.0,50.0,16.0
2014-08-24 01:41:24+00:00,485.0,0.0,110.0,50.0,16.0
2014-08-24 01:41:30+00:00,477.0,0.0,107.0,50.0,16.0
2014-08-24 01:41:36+00:00,472.0,0.0,108.0,50.0,16.0
2014-08-24 01:41:42+00:00,482.0,0.0,108.0,50.0,16.0
2014-08-24 01:41:48+00:00,483.0,0.0,107.0,51.0,16.0
2014-08-24 01:41:54+00:00,474.0,0.0,110.0,50.0,16.0
2014-08-24 01:42:00+00:00,476.0,0.0,107.0,50.0,16.0
2014-08-24 01:42:06+00:00,471.0,0.0,107.0,51.0,16.0
2014-08-24 01:42:12+00:00,477.0,0.0,109.0,50.0,16.0
2014-08-24 01:42:18+00:00,479.0,0.0,106.0,50.0,16.0
2014-08-24 01:42:24+00:00,478.0,0.0,109.0,50.0,16.0
2014-08-24 01:42:30+00:00,475.0,0.0,107.0,51.0,16.0
2014-08-24 01:42:36+00:00,481.0,0.0,107.0,50.0,16.0
2014-08-24 01:42:42+00:00,478.0,0.0,109.0,50.0,16.0
2014-08-24 01:42:48+00:00,480.0,0.0,106.0,50.0,16.0
2014-08-24 01:42:54+00:00,478.0,0.0,108.0,50.0,16.0
2014-08-24 01:43:00+00:00,483.0,0.0,108.0,50.0,16.0
2014-08-24 01:43:06+00:00,480.0,0.0,107.0,50.0,16.0
2014-08-24 01:43:12+00:00,466.0,0.0,109.0,51.0,16.0
2014-08-24 01:43:18+00:00,471.0,0.0,106.0,50.0,16.0
2014-08-24 01:43:24+00:00,484.0,0.0,108.0,50.0,16.0
2014-08-24 01:43:30+00:00,483.0,0.0,107.0,50.0,16.0
2014-08-24 01:43:36+00:00,485.0,0.0,107.0,50.0,16.0
2014-08-24 01:43:42+00:00,482.0,0.0,107.0,50.0,16.0
2014-08-24 01:43:48+00:00,483.0,0.0,106.0,50.0,16.0
2014-08-24 01:43:54+00:00,483.0,0.0,108.0,50.0,16.0
2014-08-24 01:44:00+00:00,482.0,0.0,106.0,50.0,16.0
2014-08-24 01:44:06+00:00,482.0,0.0,108.0,50.0,16.0
2014-08-24 01:44:12+00:00,484.0,0.0,107.0,50.0,16.0
2014-08-24 01:44:18+00:00,484.0,0.0,107.0,51.0,16.0
2014-08-24 01:44:24+00:00,476.0,0.0,108.0,50.0,16.0
2014-08-24 01:44:30+00:00,483.0,0.0,106.0,50.0,16.0
2014-08-24 01:44:36+00:00,489.0,0.0,108.0,50.0,16.0
2014-08-24 01:44:42+00:00,476.0,0.0,106.0,50.0,16.0
2014-08-24 01:44:48+00:00,479.0,0.0,109.0,50.0,16.0
2014-08-24 01:44:54+00:00,477.0,0.0,105.0,50.0,16.0
2014-08-24 01:45:00+00:00,480.0,0.0,109.0,51.0,16.0
2014-08-24 01:45:06+00:00,476.0,0.0,106.0,50.0,16.0
2014-08-24 01:45:12+00:00,486.0,0.0,107.0,50.0,16.0
2014-08-24 01:45:18+00:00,488.0,0.0,106.0,50.0,16.0
2014-08-24 01:45:24+00:00,488.0,0.0,107.0,50.0,16.0
2014-08-24 01:45:30+00:00,479.0,0.0,107.0,50.0,16.0
2014-08-24 01:45:36+00:00,494.0,0.0,105.0,51.0,16.0
2014-08-24 01:45:42+00:00,491.0,0.0,108.0,51.0,16.0
2014-08-24 01:45:48+00:00,485.0,0.0,105.0,50.0,16.0
2014-08-24 01:45:54+00:00,477.0,0.0,105.0,50.0,17.0
2014-08-24 01:46:00+00:00,479.0,0.0,105.0,51.0,16.0
2014-08-24 01:46:06+00:00,487.0,0.0,108.0,50.0,16.0
2014-08-24 01:46:12+00:00,484.0,0.0,105.0,50.0,16.0
2014-08-24 01:46:18+00:00,473.0,0.0,107.0,50.0,16.0
2014-08-24 01:46:24+00:00,486.0,0.0,106.0,50.0,16.0
2014-08-24 01:46:30+00:00,486.0,0.0,106.0,50.0,16.0
2014-08-24 01:46:36+00:00,486.0,0.0,107.0,50.0,16.0
2014-08-24 01:46:42+00:00,486.0,0.0,105.0,50.0,16.0
2014-08-24 01:46:48+00:00,486.0,0.0,108.0,50.0,16.0
2014-08-24 01:46:54+00:00,490.0,0.0,105.0,50.0,16.0
2014-08-24 01:47:00+00:00,476.0,0.0,107.0,50.0,16.0
2014-08-24 01:47:06+00:00,476.0,0.0,105.0,51.0,16.0
2014-08-24 01:47:12+00:00,484.0,0.0,107.0,51.0,16.0
2014-08-24 01:47:18+00:00,484.0,0.0,105.0,50.0,16.0
2014-08-24 01:47:24+00:00,476.0,0.0,107.0,50.0,16.0
2014-08-24 01:47:30+00:00,477.0,0.0,105.0,51.0,16.0
2014-08-24 01:47:36+00:00,476.0,0.0,107.0,51.0,16.0
2014-08-24 01:47:42+00:00,486.0,0.0,105.0,50.0,16.0
2014-08-24 01:47:48+00:00,477.0,0.0,107.0,50.0,16.0
2014-08-24 01:47:54+00:00,471.0,0.0,105.0,50.0,16.0
2014-08-24 01:48:00+00:00,477.0,0.0,108.0,50.0,16.0
2014-08-24 01:48:06+00:00,474.0,0.0,108.0,50.0,16.0
2014-08-24 01:48:12+00:00,486.0,0.0,105.0,51.0,16.0
2014-08-24 01:48:18+00:00,449.0,0.0,0.0,50.0,16.0
2014-08-24 01:48:24+00:00,441.0,0.0,0.0,51.0,16.0
2014-08-24 01:48:30+00:00,444.0,0.0,0.0,50.0,16.0
2014-08-24 01:48:36+00:00,443.0,0.0,0.0,50.0,16.0
2014-08-24 01:48:42+00:00,441.0,0.0,0.0,50.0,16.0
2014-08-24 01:48:48+00:00,448.0,0.0,0.0,50.0,16.0
2014-08-24 01:48:54+00:00,439.0,0.0,0.0,51.0,16.0
2014-08-24 01:49:00+00:00,440.0,0.0,0.0,50.0,16.0
2014-08-24 01:49:06+00:00,439.0,0.0,0.0,51.0,16.0
2014-08-24 01:49:12+00:00,437.0,0.0,0.0,50.0,16.0
2014-08-24 01:49:18+00:00,450.0,0.0,0.0,51.0,16.0
2014-08-24 01:49:24+00:00,436.0,0.0,0.0,50.0,16.0
2014-08-24 01:49:30+00:00,438.0,0.0,0.0,50.0,16.0
2014-08-24 01:49:36+00:00,446.0,0.0,0.0,51.0,16.0
2014-08-24 01:49:42+00:00,443.0,0.0,0.0,51.0,16.0
2014-08-24 01:49:48+00:00,448.0,0.0,0.0,51.0,16.0
2014-08-24 01:49:54+00:00,447.0,0.0,0.0,51.0,16.0
2014-08-24 01:50:00+00:00,446.0,0.0,0.0,51.0,16.0
2014-08-24 01:50:06+00:00,451.0,0.0,0.0,50.0,16.0
2014-08-24 01:50:12+00:00,451.0,0.0,0.0,51.0,16.0
2014-08-24 01:50:18+00:00,446.0,0.0,0.0,50.0,16.0
2014-08-24 01:50:24+00:00,442.0,0.0,0.0,51.0,16.0
2014-08-24 01:50:30+00:00,444.0,0.0,0.0,50.0,16.0
2014-08-24 01:50:36+00:00,443.0,0.0,0.0,50.0,16.0
2014-08-24 01:50:42+00:00,443.0,0.0,0.0,50.0,16.0
2014-08-24 01:50:48+00:00,445.0,0.0,0.0,50.0,16.0
2014-08-24 01:50:54+00:00,445.0,0.0,0.0,50.0,16.0
2014-08-24 01:51:00+00:00,439.0,0.0,0.0,50.0,16.0
2014-08-24 01:51:06+00:00,442.0,0.0,0.0,51.0,16.0
2014-08-24 01:51:12+00:00,444.0,0.0,0.0,51.0,16.0
2014-08-24 01:51:18+00:00,443.0,0.0,0.0,50.0,16.0
2014-08-24 01:51:24+00:00,447.0,0.0,0.0,51.0,16.0
2014-08-24 01:51:30+00:00,439.0,0.0,0.0,50.0,16.0
2014-08-24 01:51:36+00:00,441.0,0.0,0.0,51.0,16.0
2014-08-24 01:51:42+00:00,442.0,0.0,0.0,51.0,16.0
2014-08-24 01:51:48+00:00,447.0,0.0,0.0,50.0,16.0
2014-08-24 01:51:54+00:00,438.0,0.0,0.0,51.0,16.0
2014-08-24 01:52:00+00:00,441.0,0.0,0.0,50.0,16.0
2014-08-24 01:52:06+00:00,448.0,0.0,0.0,50.0,16.0
2014-08-24 01:52:12+00:00,447.0,0.0,0.0,51.0,16.0
2014-08-24 01:52:18+00:00,438.0,0.0,0.0,50.0,16.0
2014-08-24 01:52:24+00:00,444.0,0.0,0.0,51.0,16.0
2014-08-24 01:52:30+00:00,442.0,0.0,0.0,50.0,16.0
2014-08-24 01:52:36+00:00,451.0,0.0,0.0,51.0,16.0
2014-08-24 01:52:42+00:00,437.0,0.0,0.0,51.0,16.0
2014-08-24 01:52:48+00:00,443.0,0.0,0.0,50.0,16.0
2014-08-24 01:52:54+00:00,443.0,0.0,0.0,51.0,16.0
2014-08-24 01:53:00+00:00,446.0,0.0,0.0,50.0,16.0
2014-08-24 01:53:06+00:00,439.0,0.0,0.0,50.0,16.0
2014-08-24 01:53:12+00:00,437.0,0.0,0.0,50.0,16.0
2014-08-24 01:53:18+00:00,437.0,0.0,0.0,51.0,16.0
2014-08-24 01:53:24+00:00,435.0,0.0,0.0,51.0,16.0
2014-08-24 01:53:30+00:00,442.0,0.0,0.0,51.0,16.0
2014-08-24 01:53:36+00:00,442.0,0.0,0.0,50.0,16.0
2014-08-24 01:53:42+00:00,443.0,0.0,0.0,51.0,16.0
2014-08-24 01:53:48+00:00,446.0,0.0,0.0,51.0,16.0
2014-08-24 01:53:54+00:00,440.0,0.0,0.0,50.0,16.0
2014-08-24 01:54:00+00:00,440.0,0.0,0.0,51.0,16.0
2014-08-24 01:54:06+00:00,446.0,0.0,0.0,51.0,16.0
2014-08-24 01:54:12+00:00,446.0,0.0,0.0,50.0,16.0
2014-08-24 01:54:18+00:00,439.0,0.0,0.0,50.0,16.0
2014-08-24 01:54:24+00:00,444.0,0.0,0.0,50.0,16.0
2014-08-24 01:54:30+00:00,440.0,0.0,0.0,50.0,16.0
2014-08-24 01:54:36+00:00,439.0,0.0,0.0,51.0,16.0
2014-08-24 01:54:42+00:00,442.0,0.0,0.0,51.0,16.0
2014-08-24 01:54:48+00:00,444.0,0.0,0.0,51.0,16.0
2014-08-24 01:54:54+00:00,444.0,0.0,0.0,51.0,16.0
2014-08-24 01:55:00+00:00,443.0,0.0,0.0,51.0,16.0
2014-08-24 01:55:06+00:00,437.0,0.0,0.0,51.0,16.0
2014-08-24 01:55:12+00:00,433.0,0.0,0.0,51.0,16.0
2014-08-24 01:55:18+00:00,441.0,0.0,0.0,51.0,16.0
2014-08-24 01:55:24+00:00,443.0,0.0,0.0,51.0,16.0
2014-08-24 01:55:30+00:00,443.0,0.0,0.0,50.0,16.0
2014-08-24 01:55:36+00:00,448.0,0.0,0.0,51.0,16.0
2014-08-24 01:55:42+00:00,448.0,0.0,0.0,50.0,16.0
2014-08-24 01:55:48+00:00,439.0,0.0,0.0,51.0,16.0
2014-08-24 01:55:54+00:00,441.0,0.0,0.0,50.0,16.0
2014-08-24 01:56:00+00:00,442.0,0.0,0.0,50.0,16.0
2014-08-24 01:56:06+00:00,442.0,0.0,0.0,50.0,16.0
2014-08-24 01:56:12+00:00,442.0,0.0,0.0,50.0,16.0
2014-08-24 01:56:18+00:00,438.0,0.0,0.0,51.0,16.0
2014-08-24 01:56:24+00:00,441.0,0.0,0.0,50.0,16.0
2014-08-24 01:56:30+00:00,443.0,0.0,0.0,51.0,16.0
2014-08-24 01:56:36+00:00,437.0,0.0,0.0,51.0,16.0
2014-08-24 01:56:42+00:00,442.0,0.0,0.0,51.0,16.0
2014-08-24 01:56:48+00:00,444.0,0.0,0.0,51.0,16.0
2014-08-24 01:56:54+00:00,447.0,0.0,0.0,50.0,16.0
2014-08-24 01:57:00+00:00,441.0,0.0,0.0,50.0,16.0
2014-08-24 01:57:06+00:00,439.0,0.0,0.0,51.0,16.0
2014-08-24 01:57:12+00:00,441.0,0.0,0.0,51.0,16.0
2014-08-24 01:57:18+00:00,439.0,0.0,0.0,50.0,16.0
2014-08-24 01:57:24+00:00,446.0,0.0,0.0,51.0,16.0
2014-08-24 01:57:30+00:00,435.0,0.0,0.0,51.0,16.0
2014-08-24 01:57:36+00:00,446.0,0.0,0.0,50.0,16.0
2014-08-24 01:57:42+00:00,449.0,0.0,0.0,50.0,16.0
2014-08-24 01:57:48+00:00,449.0,0.0,0.0,51.0,16.0
2014-08-24 01:57:54+00:00,442.0,0.0,0.0,50.0,16.0
2014-08-24 01:58:00+00:00,431.0,0.0,0.0,51.0,16.0
2014-08-24 01:58:06+00:00,436.0,0.0,0.0,51.0,16.0
2014-08-24 01:58:12+00:00,444.0,0.0,0.0,50.0,16.0
2014-08-24 01:58:18+00:00,444.0,0.0,0.0,51.0,16.0
2014-08-24 01:58:24+00:00,444.0,0.0,0.0,50.0,16.0
2014-08-24 01:58:30+00:00,453.0,0.0,0.0,50.0,16.0
2014-08-24 01:58:36+00:00,432.0,0.0,0.0,50.0,16.0
2014-08-24 01:58:42+00:00,440.0,0.0,0.0,51.0,16.0
2014-08-24 01:58:48+00:00,441.0,0.0,0.0,51.0,16.0
2014-08-24 01:58:54+00:00,436.0,0.0,0.0,51.0,16.0
2014-08-24 01:59:00+00:00,439.0,0.0,0.0,51.0,16.0
2014-08-24 01:59:06+00:00,439.0,0.0,0.0,50.0,16.0
2014-08-24 01:59:12+00:00,447.0,0.0,0.0,50.0,16.0
2014-08-24 01:59:18+00:00,447.0,0.0,0.0,50.0,16.0
2014-08-24 01:59:24+00:00,430.0,0.0,0.0,51.0,16.0
2014-08-24 01:59:30+00:00,439.0,0.0,0.0,50.0,16.0
2014-08-24 01:59:36+00:00,444.0,0.0,0.0,50.0,16.0
2014-08-24 01:59:42+00:00,443.0,0.0,0.0,50.0,16.0
2014-08-24 01:59:48+00:00,439.0,0.0,0.0,51.0,16.0
2014-08-24 01:59:54+00:00,442.0,0.0,0.0,51.0,16.0
